<?xml version="1.0" encoding="UTF-8" standalone="yes"?>
<Content>
    <Views>
        <ViewDef id="97988528-f2f3-4bdf-90cf-8dae286b1ba0">
            <Title>Host Performance impact info</Title>
            <Description>Host Performance impact info</Description>
            <Usage>dashboard</Usage>
            <Usage>report</Usage>
            <Usage>content</Usage>
            <Presentation type="image">
                <DataBinding>
                    <Source>iVBORw0KGgoAAAANSUhEUgAAA5YAAAHSCAYAAACXXVQtAAAMSGlDQ1BJQ0MgUHJvZmlsZQAASImV&#13;
VwdYU8kWnltSSWiBCEgJvQlSpEsJoUUQkCrYCEkgocSQEETsLssquHYRAXVFV0VcdC2ArBV7WQR7&#13;
fyiLysq6WLCh8iYF1nW/9973zvfNvX/OnPOfkrn3zgCgU8uTSvNQXQDyJYWyhMhQ1uS0dBapG5AA&#13;
ARgAKjDg8eVSdnx8DIAyfP+7vLkBEOX9qouS65/z/1X0BEI5HwAkHuJMgZyfD/EBAPBSvlRWCADR&#13;
F+qtZxVKlXgqxAYymCDEUiXOVuNSJc5U4yqVTVICB+LdAJBpPJ4sGwDtFqhnFfGzIY/2LYjdJAKx&#13;
BAAdMsRBfBFPAHEUxGPy82cqMbQDDplf8GT/jTNzhJPHyx7B6lpUQg4Ty6V5vNn/Zzv+t+TnKYZj&#13;
2MFBE8miEpQ1w77dyp0ZrcQ0iPskmbFxEOtD/E4sUNlDjFJFiqhktT1qypdzYM8AE2I3AS8sGmJT&#13;
iCMkebExGn1mljiCCzFcIWixuJCbpPFdIpSHJ2o4a2UzE+KGcZaMw9b4NvJkqrhK+1OK3GS2hv+W&#13;
SMgd5n9dIkpKVeeMUYvEKbEQa0PMlOcmRqttMJsSESd22EamSFDmbwOxv1ASGarmx6ZnySISNPay&#13;
fPlwvdgSkZgbq8HVhaKkKA3Pbj5Plb8RxC1CCTt5mEconxwzXItAGBaurh3rEEqSNfViXdLC0ASN&#13;
70tpXrzGHqcK8yKVeiuITeVFiRpfPKgQLkg1Px4rLYxPUueJZ+bwJsSr88GLQQzggDDAAgo4MsFM&#13;
kAPE7X3NffCXeiYC8IAMZAMhcNFohj1SVTMSeE0EJeAPiIRAPuIXqpoVgiKo/zSiVV9dQJZqtkjl&#13;
kQseQ5wPokEe/K1QeUlGoqWA36BG/I/ofJhrHhzKuX/q2FATo9EohnlZOsOWxHBiGDGKGEF0xE3w&#13;
IDwAj4HXEDg8cF/cbzjbv+wJjwmdhEeE64Quwu0Z4sWyr+phgYmgC0aI0NSc+WXNuB1k9cJD8UDI&#13;
D7lxJm4CXPBxMBIbD4axvaCWo8lcWf3X3H+r4Yuua+wobhSUMooSQnH42lPbSdtrhEXZ0y87pM41&#13;
c6SvnJGZr+Nzvui0AN6jv7bElmD7sbPYCew8dhhrBizsGNaCXcKOKPHIKvpNtYqGoyWo8smFPOJ/&#13;
xONpYio7KXdrcOt1+6ieKxQWK9+PgDNTOlsmzhYVstjwzS9kcSV81zEsDzd3PwCU3xH1a+oVU/V9&#13;
QJgX/tIVHAfArxwqs//S8awBOPQYAMabv3TWL+HjsRKAIx18haxIrcOVFwL8NunAJ8oYmANr4ADr&#13;
8QDeIACEgHAwAcSBJJAGpsMui+B6loFZYC5YBMpABVgJ1oFqsBlsBTvBT2AfaAaHwQlwBlwEHeA6&#13;
uAtXTw94BvrBGzCIIAgJoSMMxBixQGwRZ8QD8UWCkHAkBklA0pAMJBuRIApkLvINUoGsRqqRLUg9&#13;
8jNyCDmBnEc6kdvIQ6QXeYl8QDGUhhqgZqgdOhb1RdloNJqETkOz0QK0BC1Fl6NVaB26G21CT6AX&#13;
0etoF/oMHcAApoUxMUvMBfPFOFgclo5lYTJsPlaOVWJ1WCPWCv/nq1gX1oe9x4k4A2fhLnAFR+HJ&#13;
OB8vwOfjy/BqfCfehJ/Cr+IP8X78M4FOMCU4E/wJXMJkQjZhFqGMUEnYTjhIOA2fph7CGyKRyCTa&#13;
E33g05hGzCHOIS4jbiTuIR4ndhK7iQMkEsmY5EwKJMWReKRCUhlpA2k36RjpCqmH9I6sRbYge5Aj&#13;
yOlkCXkxuZK8i3yUfIX8hDxI0aXYUvwpcRQBZTZlBWUbpZVymdJDGaTqUe2pgdQkag51EbWK2kg9&#13;
Tb1HfaWlpWWl5ac1SUustVCrSmuv1jmth1rvafo0JxqHNpWmoC2n7aAdp92mvaLT6Xb0EHo6vZC+&#13;
nF5PP0l/QH+nzdB21eZqC7QXaNdoN2lf0X6uQ9Gx1WHrTNcp0anU2a9zWadPl6Jrp8vR5enO163R&#13;
PaR7U3dAj6Hnrhenl6+3TG+X3nm9p/okfTv9cH2Bfqn+Vv2T+t0MjGHN4DD4jG8Y2xinGT0GRAN7&#13;
A65BjkGFwU8G7Qb9hvqG4wxTDIsNawyPGHYxMaYdk8vMY65g7mPeYH4YZTaKPUo4aumoxlFXRr01&#13;
Gm0UYiQ0KjfaY3Td6IMxyzjcONd4lXGz8X0T3MTJZJLJLJNNJqdN+kYbjA4YzR9dPnrf6DumqKmT&#13;
aYLpHNOtppdMB8zMzSLNpGYbzE6a9ZkzzUPMc8zXmh8177VgWARZiC3WWhyz+J1lyGKz8lhVrFOs&#13;
fktTyyhLheUWy3bLQSt7q2SrxVZ7rO5bU619rbOs11q3WffbWNhMtJlr02Bzx5Zi62srsl1ve9b2&#13;
rZ29Xardd3bNdk/tjey59iX2Dfb3HOgOwQ4FDnUO1xyJjr6OuY4bHTucUCcvJ5FTjdNlZ9TZ21ns&#13;
vNG5cwxhjN8YyZi6MTddaC5slyKXBpeHrkzXGNfFrs2uz8fajE0fu2rs2bGf3bzc8ty2ud1113ef&#13;
4L7YvdX9pYeTB9+jxuOaJ90zwnOBZ4vni3HO44TjNo275cXwmuj1nVeb1ydvH2+Zd6N3r4+NT4ZP&#13;
rc9NXwPfeN9lvuf8CH6hfgv8Dvu99/f2L/Tf5/9ngEtAbsCugKfj7ccLx28b3x1oFcgL3BLYFcQK&#13;
ygj6Iagr2DKYF1wX/CjEOkQQsj3kCduRncPezX4e6hYqCz0Y+pbjz5nHOR6GhUWGlYe1h+uHJ4dX&#13;
hz+IsIrIjmiI6I/0ipwTeTyKEBUdtSrqJteMy+fWc/sn+EyYN+FUNC06Mbo6+lGMU4wspnUiOnHC&#13;
xDUT78Xaxkpim+NAHDduTdz9ePv4gvhfJhEnxU+qmfQ4wT1hbsLZREbijMRdiW+SQpNWJN1NdkhW&#13;
JLel6KRMTalPeZsalro6tWvy2MnzJl9MM0kTp7Wkk9JT0renD0wJn7JuSs9Ur6llU29Ms59WPO38&#13;
dJPpedOPzNCZwZuxP4OQkZqxK+MjL45XxxvI5GbWZvbzOfz1/GeCEMFaQa8wULha+CQrMGt11tPs&#13;
wOw12b2iYFGlqE/MEVeLX+RE5WzOeZsbl7sjdygvNW9PPjk/I/+QRF+SKzk103xm8cxOqbO0TNpV&#13;
4F+wrqBfFi3bLkfk0+QthQZww35J4aD4VvGwKKiopujdrJRZ+4v1iiXFl2Y7zV46+0lJRMmPc/A5&#13;
/Dltcy3nLpr7cB573pb5yPzM+W0LrBeULuhZGLlw5yLqotxFvy52W7x68etvUr9pLTUrXVja/W3k&#13;
tw1l2mWyspvfBXy3eQm+RLykfann0g1LP5cLyi9UuFVUVnxcxl924Xv376u+H1qetbx9hfeKTSuJ&#13;
KyUrb6wKXrVztd7qktXdayauaVrLWlu+9vW6GevOV46r3Lyeul6xvqsqpqplg82GlRs+Vouqr9eE&#13;
1uypNa1dWvt2o2DjlU0hmxo3m22u2PzhB/EPt7ZEbmmqs6ur3ErcWrT18baUbWd/9P2xfrvJ9ort&#13;
n3ZIdnTtTNh5qt6nvn6X6a4VDWiDoqF399TdHT+F/dTS6NK4ZQ9zT8VesFex9/efM36+sS96X9t+&#13;
3/2NB2wP1B5kHCxvQppmN/U3i5q7WtJaOg9NONTWGtB68BfXX3Yctjxcc8TwyIqj1KOlR4eOlRwb&#13;
OC493nci+0R324y2uycnn7x2atKp9tPRp8+diThz8iz77LFzgecOn/c/f+iC74Xmi94Xmy55XTr4&#13;
q9evB9u925su+1xu6fDraO0c33n0SvCVE1fDrp65xr128Xrs9c4byTdu3Zx6s+uW4NbT23m3X9wp&#13;
ujN4d+E9wr3y+7r3Kx+YPqj7l+O/9nR5dx15GPbw0qPER3e7+d3PfpP/9rGn9DH9ceUTiyf1Tz2e&#13;
Hu6N6O34fcrvPc+kzwb7yv7Q+6P2ucPzA3+G/Hmpf3J/zwvZi6GXy14Zv9rxetzrtoH4gQdv8t8M&#13;
vi1/Z/xu53vf92c/pH54MjjrI+lj1SfHT62foz/fG8ofGpLyZDzVVgCDA83KAuDlDgDoaXDv0AEA&#13;
dYr6nKcSRH02VSHwn7D6LKgSbwB2hACQvBCAGLhH2QSHLcQ0eFdu1ZNCAOrpOTI0Is/y9FBz0eCJ&#13;
h/BuaOiVGQCkVgA+yYaGBjcODX3aBpO9DcDxAvX5UilEeDb4wVWJOnqeg6/l34aXf0zg/Km9AAAA&#13;
CXBIWXMAABYlAAAWJQFJUiTwAAABnWlUWHRYTUw6Y29tLmFkb2JlLnhtcAAAAAAAPHg6eG1wbWV0&#13;
YSB4bWxuczp4PSJhZG9iZTpuczptZXRhLyIgeDp4bXB0az0iWE1QIENvcmUgNS40LjAiPgogICA8&#13;
cmRmOlJERiB4bWxuczpyZGY9Imh0dHA6Ly93d3cudzMub3JnLzE5OTkvMDIvMjItcmRmLXN5bnRh&#13;
eC1ucyMiPgogICAgICA8cmRmOkRlc2NyaXB0aW9uIHJkZjphYm91dD0iIgogICAgICAgICAgICB4&#13;
bWxuczpleGlmPSJodHRwOi8vbnMuYWRvYmUuY29tL2V4aWYvMS4wLyI+CiAgICAgICAgIDxleGlm&#13;
OlBpeGVsWERpbWVuc2lvbj45MTg8L2V4aWY6UGl4ZWxYRGltZW5zaW9uPgogICAgICAgICA8ZXhp&#13;
ZjpQaXhlbFlEaW1lbnNpb24+NDY2PC9leGlmOlBpeGVsWURpbWVuc2lvbj4KICAgICAgPC9yZGY6&#13;
RGVzY3JpcHRpb24+CiAgIDwvcmRmOlJERj4KPC94OnhtcG1ldGE+Cg+IDpEAAAAcaURPVAAAAAIA&#13;
AAAAAAAA6QAAACgAAADpAAAA6QAA11Zs8popAABAAElEQVR4Aey9B5gtRfH+35ecFEFRgoIiiIpK&#13;
kGAiCfJDooABiRIEFQQRJahIUglmEZUskjEDSlABAZUgGQMgXJAcFJCgxP7Xp/jW+c/27dnTfcLu&#13;
3bs1z7N79sz2dFe/1entquqZsuaaa8aLL7447LHHHmHPPfcM8803X/DLEXAEHAFHwBFwBBwBR8AR&#13;
cAQcAUfAEcgh8P/+3/8LF110Udhtt93C3nvvHeaff/4wxYllDiq/5wg4Ao6AI+AIOAKOgCPgCDgC&#13;
joAjkEPAiWUOFb/nCDgCjoAj4Ag4Ao6AI+AIOAKOgCNQjIATy2KoPKEj4Ag4Ao6AI+AIOAKOgCPg&#13;
CDgCjkAOASeWOVT8niPgCDgCjoAj4Ag4Ao6AI+AIOAKOQDECTiyLofKEjoAj4Ag4Ao6AI+AIOAKO&#13;
gCPgCDgCOQScWOZQ8XuOgCPgCDgCjoAj4Ag4Ao6AI+AIOALFCDixLIbKEzoCjoAj4Ag4Ao6AI+AI&#13;
OAKOgCPgCOQQcGKZQ8XvOQKOgCPgCDgCjoAj4Ag4Ao6AI+AIFCPgxLIYKk/oCDgCjoAj4Ag4Ao6A&#13;
I+AIOAKOgCOQQ8CJZQ4Vv+cIOAKOgCPgCDgCjoAj4Ag4Ao6AI1CMgBPLYqg8oSPgCDgCjoAj4Ag4&#13;
Ao6AI+AIOAKOQA4BJ5Y5VPyeI+AIOAKOgCPgCDgCjoAj4Ag4Ao5AMQJOLIuh8oSOgCPgCDgCjoAj&#13;
4Ag4Ao6AI+AIOAI5BJxY5lDxe46AI+AIOAKOgCPgCDgCjoAj4Ag4AsUIjCmx/Otf/xpuvPHG8NRT&#13;
T3UV8KUvfWlYbbXVwtxzzx2uvPLKcOutt4b3vOc9Yf755w9Tpkzp+nw/Ce6///7wpz/9Kdx2221h&#13;
pplmCptsskl45StfqX+X5HvZZZeFqVOnhve+973hJS95SUi/l+QxiDRjjVtO5n6xzOXZdu/5558P&#13;
//3vf8Occ85ZrKu2vAZ1f3rQwaDq0synF6z//e9/h2uvvVb71cMPPxxmnXXWQD9/61vfGpZcckn9&#13;
bmX84x//CNdcc0343//+Z7f0k2fmmGOO8IpXvCK88Y1vDC9+8YtHjAf0u6uuuiq85jWvCW9605vC&#13;
7LPPPuJ5vtBGzjvvPC1v9dVX1zFmmkTjeGMs+8w4VtOLdgQcAUfAEXAEHIEZDIExJZbHHHNM+MEP&#13;
fhAeffTRrjCyKPze974XFlpooXDAAQeEn/3sZ+HEE0/UxSJkb1jXM888Ew477LDw05/+NDzyyCO6&#13;
cD3hhBO03Jlnnrmo2M997nPh7LPPDj/5yU90wfz5z39+xPdhE2MTcixxszKbn4PAspnfaH9DVM48&#13;
80zdAHjHO96h5HK09GP1v/HWwTDq2QvWkL0f//jHumHz0EMPqViPPfaYksRll102bLTRRvozzzzz&#13;
6P/OOOOM8PWvfz1ARpvXLLPMos+8/OUvD29+85vDtttuG5ZaaqnAfa5f/vKX4eCDDw7ve9/7wsc+&#13;
9jHd2Gk+z98PPvhg+NCHPhQoi/Fo4YUXTpOM2/ex7DPjVkkv2BFwBBwBR8ARcARmSATGlFj+4Q9/&#13;
CPxgMbDr5JNPVgvG9ttvryTSSBeLvQ9+8INh3nnnDbvsskuA3F1wwQVh+eWXD6UEz8qo+bz33nvD&#13;
2muvrTKyaEUOFqnzzTdfcTbU5fTTT9dFNAR5hx12GPHd6licYY8Jjz322PD73/8+fPGLXwyLL774&#13;
mFvxBoFladVpVzvvvHPYaqutwkc/+lHdECh9dpjpxlsHw6hbLdZYHg899NBw0UUXhVVWWSWstNJK&#13;
4WUve1n417/+FW6++ebw29/+VkneF77whbD++uuHueaaKxx99NGBDZk3vOENgY0CrJRcMUbtm5de&#13;
emm47rrrdIz4yle+EhZccEH9/0knnRT22GMPbQds8ODhkF60y3e9613hRS96kW5GLLroommScfs+&#13;
ln1m3CrpBTsCjoAj4Ag4Ao7ADIlAjliGNddcM4rLWdx7772jWAxkLTeYS9znYvoj7qJxttlmi+Iy&#13;
GGW3fsT/rVQhDFGsC/GKK66Izz77rN0eyufVV18dZaEZN9tss3jffff1VMZ2220XxYU3Xn/99Vqf&#13;
9HtPmfbw0D333BPF/Tg++eSTPTzd/yODwLJUCrEORyEX8ZBDDoliES99bOjpxlsHw6hgDdb/+c9/&#13;
omy0aP8V0h9pE08//bSK9dxzz8V//vOf8bvf/a7qTsheFJd37TNHHXVUXGCBBaKQyygEtDMu0P8f&#13;
f/zxeP7550exWEbZeIpCWDt5ildDFGtmFHKpz+Xqj05koyUus8wy8Y477sglGbd7Y9lnxq2SXrAj&#13;
4Ag4Ao6AI+AIzJAIiHFOed1nP/vZzjpsCsTy4osv1p3/Pffcs8paV0u/11tvPbVY/PGPfwzLLbdc&#13;
1qpmFkssG1y33HJLeOKJJ9TCSXwW1orUikks59///vfwwAMPqDWEmKsVVlhhVBdJrCCXXHKJuuCt&#13;
vPLKYdNNN1ULKbFcQn4DcWVCFjVfrC1YPBZbbLGw4oorqpXF6l5qsSzJDz1Q1lprraXlWRnEgMoC&#13;
Obz97W/X+pt78N/+9rdw0003hbe97W3hrrvuCrJwD8SRYXHFciRkWa1GYAOOuCXLAr6TTxNH4tvI&#13;
i7RCELScd77znYoBslMG1qXcNRqWpMc1EtlwiwRbYu3QzyKLLDKNLikLOYi7o06kf93rXqexeZQv&#13;
i3G1CAsZCeuuu65anIlvxSrGVaIz5KGtvOUtb1HZwJy4P2TCWgZW4EcavuOKid6J9TPstbDkF7Ld&#13;
fvvt0+gAHKkTP0K0AlYzdIl7JvISj4zLKbpZddVVtS5WDnli2cKS95e//EWtfriCYpXGQo6Vv2kV&#13;
J/9SvPvB2uRrQoCXAZZ/9CsEUjEjTrJ54RK76667hrvvvjt87WtfC0svvXQ47rjj1GK50047hU9/&#13;
+tPZMQjL9KmnnqrPbLnllordIC2WtThbnUrGnlx7Az/6xLe//e3Qz/iTy9vaMu2KMaCf9lfansCv&#13;
Zrzp1vYMXz5LMGZsYxyivWGhbhurmvn6346AI+AIOAKOgCPQOwI5i+V0Syw/+clPBogTC24WLCzC&#13;
ca1jUQrBY2HG4uSss85SosFCFaIklhEllJBYFqBtbq1f+tKXwu9+97tw+eWXK4mCvLz//e/XeCwW&#13;
Jbi3EuvJop6FvFhPdLGyzjrrqOsdJIAFfQmxRKaS/A466KDw61//Ohx++OFKvK1cFusQENz9Nthg&#13;
g86iiZi+i8TlkPhUYtrA4vjjj9eDTnAZhKhuuOGGWk9izYgjJU9ICi6EEHBwRD4W6cSKQrKol2yt&#13;
6IFKHEjDoUSQAHNBTJtgG5Y0uF/96lfqgsjCj7KIo2PxB1H71Kc+NSJmjnzFOqWygDtykR5iB/H/&#13;
8Ic/rOQCWZELcvXqV79aXS/RH7GyJToDN/ROvB8bGBBI4v723XdfXex///vf14NnILVc6B6Xzo9/&#13;
/ONKcsEwd4EDcX+pDiDAbGKALfWi7UCUIMO4h7NpgAyUhys2bdzcOskTwsZhVn/+85+VmIILFwde&#13;
kY+lRb+nnXZaMd69Ys3mS3NTwrDYa6+9NI4RcrjbbrtlYx5JCxli8wJiDAnFhRhX2NGIJX2AWEza&#13;
tXgF6MbLIIllDc7UoWbsybU36o2+cfGlX/U6/uTytrZMTCljQK/tr6Y9gV/peAN+3doeBzXVYMxm&#13;
0Cc+8QltF2xqTE+xtNTXL0fAEXAEHAFHYEZDYEIRSxZbCMyhHeIOp6QJiw2H7RCPyQmy7JJDTvj/&#13;
Bz7wgbDEEksELCIc7AIpPfDAA0cQsaZCIWQshLAYYKnaeOON9ZPyONl1991314Uf9yEvECPyxQqw&#13;
zz77KMmB7JYQS2IfS/Jj4SwuyRonuc022+giiZMviQPlpFwOKKFOEBJxedX7kMBTTjlFyVUzNpWF&#13;
PflBwiFQ4gqohJE6QKpYCFoZEBcxYysJh7himeOUXIgm9SX2jbxe9apXNSHs/N2GJVbH/fbbTwks&#13;
VlgslGwSsKjEugCOxEpidePCSsg9yCS4v/a1r9X0P/rRj9RqDYFmMQ55hIxA8sXirjrG0gqh4f/d&#13;
dAaBgQBSLpsVLGKxnNGGKB+CvsUWW2jb41Rj9AcW6BCLusnbAeD//jBru8UHmw5oy8gJIYNYYm1F&#13;
hxBMyD26gbxCSNkAgCDTJiGw5ImljjyISYSQk/YXv/iFEjRiFdkQoT/8/Oc/1/ZDnt3w7gdriD6b&#13;
BOkFgWGzhraCbnKntKbP8N1iLNuIJRarzTffXPsAGyhgSd6DJJY1OCNzzdiTa29sBhB/DvnrZ/zJ&#13;
5W1tmY0odNFr+6MfMB6VtCfwKx1vStoeVlb0Xjq+Y/1lY45+wCYFfcsvR8ARcAQcAUfAERgeAjli&#13;
ObQYy5wzsSw81RdXLC9RrC65JNFiLGWRrzFYpJOFdBTSpPFUQq6iLL71WVnMRCEF8atf/WqU3fVO&#13;
fuI6qnFVuPmKO2XnfvqHHEwS5dUiUSxEUdw09d+UJ5YxjQOjTGK87CK9WFmiLASjkKZsTGUaY1mT&#13;
n5CjKGRKyxcCpsWKBSoKoYtCbqO4o3bixIhTJT5UFo8aG2u4WWyqfRerrcZegiGXEJIop+9GOSmz&#13;
E1dKfYWARiEmURa7mk7cjzWGURbAUax1Gh+n/2j5lcPyW9/6VhRLW5TXPURxtdUnxQoRhaSpDGKd&#13;
i8TA2UWcr5DaKBbDSLweF+nlhOEoVtb4wx/+UPWRxv3VYEx+O+64o8bFElsrGxBRrOIaq0k8oLhb&#13;
R3El1Puk5UIvtBEhAaPGdBrmqQ5kIyROnTpV2zz4Um9xsdVPWTxr+6YO4oqu7Zl2B/5clqcQq04e&#13;
3JfFeRRX3ihWy3jnnXdyK9bg3SvWWlDLLyG9UchwHK1/5x61GEuxrqvuqT8/6P0b3/hGZCwQV/Qo&#13;
mx6KgellkDGWNThTh5qxp629iRW77/GnLW/ak9Wp1/ZX056srJLxprTt1WBMv6Iv0Z9lMyjXzPye&#13;
I+AIOAKOgCPgCAwQgVyM5XRLLJuLazDgoA/ZOY9itVEywsKbhbW4lEXIl7wzTw/QEZdRPTREYtj0&#13;
EBHus8jKXTkyBGmFWMiOeYfE2bPkY4eTXHjhhXqISEok0+81+XHwjrD/KK9UiOLapaRKduyVyHIY&#13;
ilj89OAjSKK4pioJO/fcc3UhZQu7lNSIq+WIA33sMJN3v/vdSro5sEksklEsTFHcia2q+inxgkrQ&#13;
eyWW4uYXxYKlZBB9cXiKuEFGsTaq7CYDhUEWVl999SjWliinh+p3E0bcRKO41MYbbrhB65oSyxqM&#13;
IY+2GBcLYYfAURa4Qm4g3mKdjGIp1LYEyZ0qxJByjKCbbM3PNh2k5bAZIFbPKNbyDoEmH4k11ENs&#13;
WNAbsbY8If1GzkkLXltvvXUUy2cEZ9pmKd79YE3ZbZfEh+pBYL0SS3Fb1w0UDtvhh00W8UKIYumN&#13;
4gobxXI8AoMaYilW+2n6c7MeNTjXjj1t7W0Q409b3tTN6tRr+yttT82yuo03pW2PjcJ+x/emfv1v&#13;
R8ARcAQcAUfAERgsAhOKWIo7Yef0R2DAcgjhg3xgoRFXTSWaEv+npGiTTTaJzR8sfFhPjHjloMwt&#13;
7CA+WAIhkBCa9MI6ihXPiG9KJNPvtfmJq6uSBax8kAtx1dRFNdYbCA/kg/sSR6UnXZrl1BaRKbEU&#13;
N1U9gdfqYTiapcvk43mIU/OCRLEgx1IqrmbNf03zdw5LTv4Vl1e1pHFiFOQA4oYlWeJYR1jbJP5Q&#13;
CTXEOiW4aWEpsbQ6lOrMFuNpG6McCCwdBcIGoUHez3zmM1HcLhUfFsZtV5sOfvOb34xoy/I6Dm1D&#13;
ENfmKb58x2Ir73TsWEbJk/aGNSYte//994+0f4nLVcJdinc/WLfVnfvgzwnJ4qrcsXzn0iNnc7PH&#13;
LJa0SXFFjhI3qD/yjsp4xBFH6MYRxJ7nmhcbSuAlLscdj4Pm//nbxgmsqaOdCluDs+VZOva0tbdc&#13;
nxlkW7b22Gv7K21P4GxldRtvStteLcbI4Jcj4Ag4Ao6AI+AIjB0CE4pYShzgCOsQC3CIpREiXJ4g&#13;
j9xj4YaFKfeDyyBWqtyVW9jhRovradPltvksrnlYSY888kgluymRTL/X5odVBvdcCKacnqvkmVc0&#13;
4I6JJVMOkFGrH383ZbSFXUosu+Fo7ng8nxJLiIyc3tszscTKhvszVsg11lgj4iYHweQ1IRID1dEl&#13;
+EImsVLJoUsj3GOb2NvfKbGsxdgW+jnLGmQaazSkZptttlEXXEjm61//+giRw8LbdrXpQGJ2R7Rl&#13;
I5YSLziCgBlRSokl7U1OlJ2mWIkpU2IpsXBqySvFux+spxGicQO5IcHUT2KSG/8Z+SdtHIs7/Q8r&#13;
rBFLiRcdFd+RucSOSzV9LrcJRHojamxIjeYWj+5Kca4de9ra2yDGn7a8qbu1x17bX2l7apbVbbwp&#13;
bXu1GCODX46AI+AIOAKOgCMwdghMKGJpBMngSYklMZGQSmLv5FAfjZMjVs5+iEFkQYVLVWrpsTxz&#13;
CzvbKTeXW0trn3JAjMbByQErSgpSIpl+r80PeYnhhGDJCZhKcrH6ETcEScN6iNVUDuRQS45ZvGwR&#13;
abil303+FEcsnrgYE7/WjHckvRw0o66I8jqEaoslVlXiKyHpcuCSkjXce+VwJY35ZFMAa6zFB+Je&#13;
iIUwZ1kiL+IrsT6TLiWWtRjbYlwOYBlhOSNOCwKHZQuccL+Wg4bU4opLJpiP5lqdYp5+Nx3UEkvi&#13;
iCHPqRsuGwsQdDZPaDelePeDtdUh9ykn7Kq7NhZpNkKaVklLzyaPnGSrBNTcJnslltQb7wLzYrAy&#13;
mp9G1uUwpk5McfP/9je6KsGZOtWOPW3tbRDjT1ve1Kuf9gcJL21Po5WVjjelbQ8PiX7Hd9OtfzoC&#13;
joAj4Ag4Ao7A4BGYoYgli2zIF3GHuI02D2xgUcSiChdGDsGpIZYshLCuQbaw5jWtneRLHJkcZa+x&#13;
d8iQEsn0e21+qJ3FItY75IBo4QbIhcWM+vJyeRZdEGpbvKeLyPS7ZiC/0oUe38GR8iAGhiNucBxW&#13;
g7WulxhLSCTkEVdaYjXtQl4ssOTLpkDTxVZON1Vsicts4n7OOeeo1VNeZ6EvYMWSAsnDqguhqsW4&#13;
bTEOsZZXFkR5FcsICxh6htTPOeecMbXIWL34TDFPv1vaWmIppw/rJgN1tQtCThwxmxAQ4Vq8e8Xa&#13;
ys99YvGWd4pq/Ci6SvseOsVNlrYrr9dQkg62vRJLrKLEQuMOi6t486At5IMAEodKPCttjg2Ktst0&#13;
xWbOaDjzfO3Y09becsRyUG0ZOa1OttnEPa6S9oelt6b/tpWVjjeUX9L2sEDXjO+M8Yxd/LSN95Tt&#13;
lyPgCDgCjoAj4AgMBoEZilgCibwbUi1iWNtwK+TgngvFjZHTNSEuxGuN5rqYW9iRr7z+QIkLJ6fK&#13;
6zk0vg2SibUSUkn+xApxpUQy/U6amvxIL68P0fJZEBO3dv/993NbCTTlQ3A46RGLol3pwi79buly&#13;
Cz2sOhBL4glZoONaKe/SVAIrr3WIvVgsIeHy6hYlwsSFymtLlIxz4AqWSmLxcLNtxr1BGLFAESsr&#13;
rwPRw2jAH/1CqNE38ptljIUncYngg2syZLNEZ20LfdoK1jbyYfEtr6PRE06xkHKQCCTZYloNz+Zn&#13;
inn63dKWLOzNldTywJ0YAobFFBdpyC8L/29+85vqdlqLdz9Y22aG1af5yanDYEU7lXfRantCX2wO&#13;
4P7KJgWxwriUWx17JZaUiyWbQ37QDRsvtGXiZOlDYIQu5fUzI05Gbsprf5fibOlrxp629jaI8act&#13;
b+S0OvVCLOmvNf23razceFPa9mowZhMD93X6A14rfjkCjoAj4Ag4Ao7AcBGY4YglFggW6RYHCCFZ&#13;
TQ4AwdpYsphsW9hheeEAERZWWAfZYccSI+8b1NdO4CJpi+uUSKbfUWlNfqTHwodFR95RqVZD3Ee5&#13;
IFC4i3KfV3LYff6XLuzS76Thyi30sNBwQinWH1xtsZTiXgiRJu6s6bL6Qi7T/k6xxOLJQo9FP/rh&#13;
lRG8ZgMySJwlBINYUk56NSypD/GXkARwR4e8/oM684oCs4BBRnHTww2UtBxeA7Eq1dloi3FIJPXH&#13;
9RWSCanFKoh1FYLcxDxFIcU8/W7peyGWtD+s5WCC9RRMscgTs4aFphbvfrC2V9JYfZqf/E/eO6p6&#13;
Rj/m8szmBCSPT2JDactmWeqHWOJaCUnFesvmCK8DwspPDDKWTHBjU8gs8U1Zm3+brrrhbM/UjD1t&#13;
7S3tM5Z3zXjRljd5WZ16IZZsnNX037aycuNNadurwZhxhFcmsanR9JAwTP3TEXAEHAFHwBFwBAaL&#13;
QI5YTmHxLJaZILv7QSxxQY78H9qbNMW6FCQeLgj50pd2C0GapiyxbAQ55j6IC1sQy0awNLJw1hfL&#13;
i1tgkMW1vtSeh2XxEcQiEuSwhyDuU/pSebFuBSGY+oL72WabbZoy7IaQkSBEIsjrNoIs2oNYAu1f&#13;
QaxXQU5TDBJzF2SRpS+0l4WL5iuEKMw888yalpeIi0uq1kkW0kHe0Tjiu8lfmh+ZCtEK8kqOIIvv&#13;
IBa4IORMy5PmEITcBLFUBnn3ZJBFe0eOFDeJRyzGEWxl4R1koav6EXIQwFCIdBAiGOTgGn2JvVih&#13;
Ovikf+SwRH5xU1bdiJtikINdghDmsNZaawVxKdX7EvsWyHemmWbSLMWKpbiLxSSIK2OQ02NVP0Ik&#13;
tc2QTghJkNjHIO56QRapQUhrkAWl/l2iM7FoBVmIho985CNByEenjSEAOAgRCbIY1/aE/tAr+Qvh&#13;
1Bewp3W376U6EIujYi1xvEHcQrXNkgftCLyExAYhjkGsxYEXz8sJxEEscyqPbGqoDLQJIf+qJ2uL&#13;
tXj3g/Wss85q1Z7mU1xeVTdyOFIQ4hsoR97bGWSTIiy//PJaP7HGd3CXWNcgngb6PyGImnaaTEe5&#13;
IRaqIPHUQVzGtTy+05fpp+RnWI6SRRXOlk/p2NPW3nJ9xvIuHS/a8iaftD3aWFTa/mTDqbj/0m5r&#13;
xu2StkcdSjFm7BdrtfYZeT9toH355Qg4Ao6AI+AIOALDQ0De5BDkNPggp/MHMQDpOn9MieXwqvYC&#13;
GWMhJK8YCfIy9Q5R6bdMSBeLGznYI4y2mC4tZ9D5lZY7WjpxIw3Itfnmm2ujsLSQU3HFDfJqkyDx&#13;
jEqu7X81n5BKyCqLvdGIfjNP5GHxCbGEJNiiOE1DOkiLEVP+PwiMJY5O9U656N7IW7P8sfjbiKW8&#13;
GkWJF0QaPMAxhwky1eLdD9ajYcBGiFisFEd0NBY4WnlgVDMO9IKz1Z2NoGGMPeQ/iLZscvb6Wdue&#13;
asopaXvkN0yMa+T1tI6AI+AIOAKOgCPwAgIzNLF0JfeOwFZbbRWwWovraxAXVLWIYU35zne+EyRu&#13;
NchrJIK4X46w6PZemj9Zg0BKeMaL4NbIPBHTOs4TUWsusyPgCDgCjoAj4AiMFwJOLMcL+em8XNxK&#13;
JbZRXW8lTk2JpcQz6ndcbuW1FuoO2mYhm86rN6HFc8IzNupznMcGZy/FEXAEHAFHwBFwBGYMBJxY&#13;
zhh6HHgtcEcjxo3YK+I3cWEkvlUOQdIYSzlht9XtcuDCeIYjEJBTVgMxiHJIi8ZTOrkfAc/AvjjO&#13;
A4PSM3IEHAFHwBFwBByBSYCAE8tJoOR+qkh8GgefQCw5sIbDY/waXwQ4CId4zzSOdHylmvFKd5xn&#13;
PJ16jRwBR8ARcAQcAUdgeAg4sRwetp6zI+AIOAKOgCPgCDgCjoAj4Ag4ApMCASeWk0LNXklHwBFw&#13;
BBwBR8ARcAQcAUfAEXAEhoeAE8vhYes5OwKOgCPgCDgCjoAj4Ag4Ao6AIzApEHBiOSnU7JV0BBwB&#13;
R8ARcAQcAUfAEXAEHAFHYHgIOLEcHraesyPgCDgCjoAj4Ag4Ao6AI+AIOAKTAgEnlpNCzV5JR8AR&#13;
cAQcAUfAEXAEHAFHwBFwBIaHgBPL4WHrOTsCjoAj4Ag4Ao6AI+AIOAKOgCMwKRBwYjkp1OyVdAQc&#13;
AUfAEXAEHAFHwBFwBBwBR2B4CDixHB62nrMj4Ag4Ao6AI+AIOAKOgCPgCDgCkwIBJ5aTQs1eSUfA&#13;
EXAEHAFHwBFwBBwBR8ARcASGh4ATy+Fh6zk7Ao6AI+AIOAKOgCPgCDgCjoAjMCkQcGI5KdTslXQE&#13;
HAFHwBFwBBwBR8ARcAQcAUdgeAg4sRwetp6zI+AIOAKOgCPgCDgCjoAj4Ag4ApMCASeWk0LNXklH&#13;
wBFwBBwBR8ARcAQcAUfAEXAEhofApCeWTzzxRPjNb34TZp999rDqqquGueeee1S0n3zyyXD++eeH&#13;
+eabL6y00kphzjnnDJdddlmYOnVqeO973xte8pKXhCuvvDLceuut4T3veU+Yf/75w5QpU0bNc7z+&#13;
WSvn888/H/773/9qnWeaaaahip1iOtTCBpx5La616Qcs7sCy+/e//x2uvfbacNttt4WHH344zDrr&#13;
rOGlL31peOtb3xqWXHJJ/T6wwvrMqAbzXJ/vs/iuj6d9rUberplP4ATTOw7Daiv3339/+NOf/qR9&#13;
i7F3k002Ca985StD6Tjcr1zpeDw96GF6kGEidaV0TBlN9jTtRMO6X3nT+o+G1UT534xYp4mC/WST&#13;
M0csw5prrhllURj33nvvKIvFOCNfd911V1x99dXjpptuGu+5556uVb3vvvviGmusET/+8Y/HBx54&#13;
QNPvs88+8c1vfnO86aabonTeuP/++8e3vOUt8brrrovPPfdc1zzHK0GNnLSDH/7wh/G3v/1tlEXK&#13;
0EVOMR16gQMsoAZXiq1NP0BRB5bVn//857jXXntF2ZyJb3zjG/XnVa96VRRCGT/wgQ/Ek046KT72&#13;
2GMDK6/fjGowz/X5fssf7flcX6uRd7S8J/r/pncchtFWnn766filL30pLrfccvE1r3lNXGaZZaJs&#13;
4MRnn322WJ39ypWOx9ODHqYHGYoVMM4Jc2NKm0i5tBMN637kzdW/DauJcn9GrNNEwX4yyrn22mvH&#13;
2WabLX72s5+N//rXvxSCSUUsb7/9dp2sxfoY//nPf3ZtAxDRxRdfPL7vfe+L9957r6bfbrvtolg6&#13;
4/XXX6/E8phjjolbbbVVvOWWW6ZrYlkj56WXXqoLmq997Wvx0Ucf7YpTvwlSTPvNbyyf33nnneM8&#13;
88wTr7jiiqLFX40exrIepWVdffXV8UMf+lB8xSteEd///vfHww47LB533HHxq1/9avzoRz+q/YuN&#13;
l9NPPz2Kh0BptkNNV4N5rs8PU7hcX6ttU8OUbzzznt5xGEZbYcPzTW96U3zta1+rBJO+xUKx5upX&#13;
rnQ8ruk/NXLWpJ0eZKiRdzzT5saUNnlyaSca1v3Im6t/G1YT5f6MWKeJgv1klNOJ5RCIJQuBv/71&#13;
r2Ni2eun0dbI+ZOf/CQuuOCC8ZBDDnFi2QX02sVvjR66FD3m//7Pf/4Tt99+eyXSbKZAMrGwcGGt&#13;
Z7Pmu9/9rradd73rXVFcxHXzZcwFTQqswbzfRXlSdNevub5W26a6FjJBE0zvOAyjrdCnFl100bjZ&#13;
ZptFLI+9XP3KlRLLmv7Ti7wlz0wPMpTIOT2kyY0pbXLl0k40rPuRN1f/Nqwmyv0ZsU4TBfvJKGeO&#13;
WE7BFfbiiy8Oe+yxR9hzzz01nnBG9RG+4447gri2hgUWWCBI5wvivtepKvGEf//73/WHGBWZ3PVn&#13;
3XXXDeLqGr7//e8HIVtBFtZBrDEaAyM7y+Gaa64JYgkN4mKr2BFjKYuDIIuCsMoqq2h+Ys0MYvnT&#13;
ct/+9rdrPjPPPHOn7P/9739BXGs1rSze9f/vfOc7g1hFA77yb3vb28Jcc83VSW9/iPutxuEQ17bI&#13;
IouEZp6PP/54+P3vf69xoPxfyO80cl511VVBXHy1fvwtZuwwxxxzaNzo8ccfH6i7NBqNJ33Zy14W&#13;
SHPnnXdi5Q7zzjuviRGQ/4ILLggvetGLwgorrKBxmfxTSIc+I4QjPPTQQ0HM5RqHR5qmvCmmbXGq&#13;
hivYgBc/lIGuwFUsh4oZdSXuDz0TS4vsFp9UKhPygz1l/OMf/wiyWFP5X/e612kcoeljl112CSec&#13;
cEIQt2EeCeiaWN6FFlpI09FmmnqhDs32QvupaSuUceONN2pbQXfUWVzmRuBOGi5kIX/SodeXv/zl&#13;
YcUVVwxibezgQbuUHU6NiRQymG1nL+QWVMfbbrut6lAIpOZFbGXzEhfYsOuuu4a77747iMU7LL30&#13;
0lp/sKQ908doZ7SVxRZbTPMwLMnHdFzad0rqmGJu7au0z1v9SnDP9SliTmnz6KB5IRdjyVFHHTWi&#13;
r4lrVzjxxBOL2xR5lsjWLLv5d6luasYbq2uJXG2YiTu+4lPat6xOJWWStmYsqG0rJot9lmBMP7zk&#13;
kkvC17/+9bDyyisHCdkIyy+/fBB3cx17LK/mZ61cJdik43E6x9GPia0umXcG0Q7oO+n8VTtu9jrH&#13;
GtY1zxPzVzNPUkaJXkjXbbxrG1OacyD5cLWlZb7mJ7em6WfupcySeraNB7kx1OrRy5zaVv8mVv3K&#13;
+5e//GWaNRbzgRCQ8OCDDxatpZBTPObCO97xjkB+N998c5hlllmCeNMF1qCsxWxOG61OnAXSbT0A&#13;
nn45AjUI5GIsh0osmUyZgJgUIBJMkByAM15XG7EUa0v40Y9+FM4+++wgbkfaaSEDDGRHHnlkYMHd&#13;
Riy//OUvh1/+8pcBIkb9IDASIxMg6xtuuGH43e9+pwPII488ovkyOEDiIQOkpWyJSdOyWXAzQDDo&#13;
rLbaakrwOCCIBToEJb1+9rOfhW9+85th8803D1tuuaUu1i0N5e+3335ho402CrIDHb7zne9MI+cB&#13;
BxwQLr/88rDsssvqIhYCAtmGGKEzBq5Xv/rV4dBDD9W6seA955xzwimnnKIHtNhghtxbbLFFEPet&#13;
QBoIHfU97bTTwplnnqmkmrqCLUQEcvOpT30qLLXUUopJupCxfK0u9mm4QnhZgFEuAy7liRumEsiT&#13;
Tz45yA6mDuYQWXFjVqLDwUo1MlEmBzehG8pAT8gPOWPB9+EPfzi8+MUvDkYsP/nJT4a//e1vSmgh&#13;
ihA+yBEkCwJlxJY6NNvLV77yleK2Qn8666yzdLENcaONIhd9ar311tM2wEFTXEwwtFkO2AEHLonT&#13;
0kOoJGY4QJCZnFiofOITn9C2A1lceOGFNW3ul8RVhh/84Afh05/+dNhtt9100yKXjoUBGyRMehzo&#13;
Q3uGQNFewZJykQVCuc466wSxfqoO0bvpuKTvlNYxxdz6XWmfr8E916fog/vuu6+2zyZejC20Lxai&#13;
zb52xBFHBNpxSZuqka1Ztv1N+ynVTc14Q/svbattmHGIza9+9asiHKhPDRY1YwEYlbYVw7X5WYox&#13;
cwnzBWMy4z19VNzNg7iejxjbLe8auWqwScfjdI77xS9+UTzvDKId0HcYd3odN8Gp1zkWrGufR97S&#13;
ebJGLyXj3bHHHpsdU1ibNDc4qVfb+EM/Zy2UW9P0OvfW1LNtPMiNodQjHd9L59Sjjz66FSvmon7H&#13;
L+RlLE/XWMwHbGox7pespagfG/ccECnnG+iztEku1omsfVjfcLXplI0RNjC7rQc0E//lCFQgkCOW&#13;
Q42xlIEw7rjjjlF2XeP6668ff/rTn45r3JXsamVjLOWk2CjkKkrHjd/+9rfjqaeeqoesCAHSoNTR&#13;
Yixz7lrcE7IThZjGHXbYIR5++OHqIojJWHaX9DtuhVyykFB8sBx/61vf0rJlIo9igdO0Yq1sjQcV&#13;
608UchbXWmutiPtT8yKQVkhQlIVZlEEl5uREN8TKyQJGXRx33333ePDBB0chGlo2sXQyGGl8qQxk&#13;
MXWRsvJw2SImCB3jlsIlk5PmK41O4+9kAI3f+MY3ohAJdaWkjrK407Rt+eo/G78MV2L4hJiqbDIJ&#13;
Rdm00JhQcCDOD3dMsOTgCyFKUU5YjM8880yVTLRdZKcNyESlMYO0Ddmlj69//eujDPTxqaee6uC6&#13;
xBJL6N+yAIrEpsqAH2XnU+MPxXrcqUWqB6tTSVsRwhaFrOrBHsh0xhlnRFlIRJmoFGsh8p3+hQ45&#13;
UIdDuYSkqBzbbLNNFKKnsVuGvWy2aBsVotg5oKojbPKHnISs/UEWltqmkn+3fr3oootUZrHCqHs1&#13;
csoEGIUMa3+kjdlhPzV4lNYxxRxBa/p8De65PkUMUC5WmbhcIenT9DUOC5MFeSxpUzWy5RRUo5ua&#13;
8aZGrjbMcLcuxYG61ZRZMz7VtJV+ML7wwgsj45ksEiNzhWwMRVl8tva1GrlqsEnH47T/jHU7oO+k&#13;
MtSME/3Mseiz9vkUP2sTuXmyRi8l413bmML8nV5taW38aZ4bYHj3OvfW1LNtPMiNodSp17bRVn+w&#13;
GpS8bXXhfILmWR2mm1wboX6MCbI5EMWrMP74xz/WdSLrM+YIDlq0NUZbnT72sY8VrQdMDv90BEoR&#13;
yLnCDpVYsqiFSAn51Z8cASoVfhDp2ogl8SwswmVHNIprkRYF8YOcIX8vxJIFkVgRNf7STvRjQS4u&#13;
knr4CQMIl1i+oli04s9//vNO2Rx6Qnwjg8loBw2RL8/L7nYkYBvyxCVup5FFPORUXo2i99LBl5sM&#13;
egxu1F+sbVHcR3UBDGEhzzTGsmbChNhB1M8777zOwkh2LaPshCoGYGoktC1fFbzxy+rwwQ9+UOvF&#13;
BIC+yEtcrvRTXFf0EB3+xyAsVsUorqpKuGpkou1Culnc2SYA8kMSxOrcGcxNJk5DJaaQctELZULs&#13;
GdDF5aVTC0tvk7Z9L2krYh3V+nBQjhFDMoY4c8gUmxNsMFA+BJhTWtErcnOxIBQLaoT82iQNfmBG&#13;
OojyaBckW6yNkVNhqWfJRTpro2BiEyDP/uEPf9CDSiDV4m6scpbiUVNHy9Mwp+yaPl+KO/m29ak2&#13;
vHLxMCZvSZuqkQ35mletbmrGmxq52jCj7zCOluBAvWrKrBkLatpKE1/+rsWYPiGvFtF+yjg+2lUj&#13;
Vw026Xhs7dH6z1i3AzBMZbDvJeNmP3Ms+Nc+n+JnOsyRhlK91Ix3uTHFZEg/c2kNW9M3z9i9Xufe&#13;
0npSVtt40DaGmmwmr30vaRu5+iPDoORtq8tHPvKRKmLJOCieaZ11DzKKW6u+kYBNbHG95pZeaZ1q&#13;
2o7l4Z+OQCkCY04s6Tzi7tYhlux2Qe7G68oRSxbo7ATZorwpGwMVhLNXYomlqPm6DogUBODd7363&#13;
EgBO+3vDG96gVjxxbWwWrTiRdjRiyQOUAQFqWgDFhUPJ20EHHdQhIDbY2uDLszboictLx9LF/XRg&#13;
4h5XzYTJ61fY6YVIQJSxjLELiIUNeQ2D0fLVQhu/rA6pvJ/73Od0AwCLopFAHuNERSzHLCK5XyoT&#13;
REziS6LEB0aJZ+gQM/IUd2G1At9www0jLJZGXknDBcnkdQFNKy73rQ6mB/vera2AIa+1weKIxY9X&#13;
EHAyMT9YV9lEYPLhPhsM4kqqbQArNBZ40oDBVNlogOgy2dRevF6EVxPVEEvKguBKbI62gWaZLBTE&#13;
7U7lvlCsNeIe1MGnGx7IX1pHw9gwr+nzNbhTn7Y+1ax38+9cXzN5u7WpWtma5fJ3rW54pmS8qZWr&#13;
DbNSHJCrtszSsaCmrSBHetViXEosa+SqxSYd500P1n+o41i2A8pLZbDv3caJfufYXp5P8UN+rpRY&#13;
1uilZkzPjSkvSDDt71xaw7apb7vXy9xLvUvnrl7GUJPN5LXv3doGaOTqX6OXbvK2jW2lbQQZrT4Y&#13;
H/A+s4t1ytZbb62eUYxnyMKV1qlmrrS8/dMRKEVgzIklCyPIkcQ0KcHE7avbLmxpZXpJlyOWdEgs&#13;
hgwAkIbmxUKcRfHGG2/c+roR6/Q2qPG83cPNzKyI3IdkkZ/tMEG0OAGQ9CxAmheDAe65o7nCkh5C&#13;
yjvPcJHkVE4Gm5122kl3vVmkWPkmU1NOG/Rw62RRb1c6MNn9msGQcrGiQuqw/MqhL0oEIPBsNhgG&#13;
5N2Wr5Vrn1YHXMCa8koMqFp3IVBNIs93SKwchqEWulKZJHZTXYxxhU0Jv8linyZTiqHpGoLa3E20&#13;
9KYH+96trUisshJVibnVjQh5aXps/kgsrFoTzz33XCW8uEDT4XHHZeMEEvaZz3xG3zFJWzMrptWj&#13;
5BMSiIUbN0Kz7OeeA2eb5KyN82zav3gW6yuWeSNRpXjwbGkdLU/DvKbP1+Le1qeQN3fl+prJ261N&#13;
1cqWll+rG54vGW9q5WrDrBQH5Kots3QsqGkryJFetRiXEssauWqxScdj04P1H+o4lu2A8lIZ7Hu3&#13;
cdPwJ30vc2wvz6f4IT9XSixr9VI63uXGlBckmPZ3Lq1h29S33etl7qWtsslaOne1jQfTSv/CHZPN&#13;
5LXv3doGT+fqX6uX0eRt+19pG0FG6sMciWdROm/LmRaK669//euOx1GuTqVth/L8cgRqEBhzYslA&#13;
KgHSGrOHRQ3rSpMQ1Ag/iLQ5YmkTB3EF6cSDayAxjL0SSwnaHmEZgvQ0iaUcQKMEkIEjLZsBBMLY&#13;
jViCC24buK6yEKWOEFIsZU1SZIOtDb48Z4NeaoHKDUykt8GQiaI5wGGNTK1z7K5JoL9a/eQkXnUL&#13;
hmDiXosVsR9iedlll43A1YglsQdNwoNlr0ksS2UCNzZEiAE0d13qn7sM1266tmctvenBvnd7HldV&#13;
yCPtB71hicz94B5DH2NjAisgMbPbSGwl7ruQTOJDmYzYia+9IOhMcOBtrrS5POQ0Yo0zZZHM5I7V&#13;
P3UJtueIu8UKS8wlZLwUD54vraPlaZjX9Pla3Nv6lNU3/cz1NZN30G0iLRsX6hrd2PPdxptBYVaK&#13;
A3LVllk6FtS0FcOn+VmLcSmxrJGrFhsb55mvGedND9Z/rH5j1Q4oL5XBvnfrI/3Osb08b/h1mydr&#13;
9VI63uXGFNNZ+plLa9g29W33epl7yadm7qodQ002k9e+d2sbYJGrf61eRpO37X+lbQQZqQ9zpJxQ&#13;
z9cRF15pEHa81MyamatTadsZkbl/cQQKEBhzYolMTEwszq3RF8g5tCQ5YokVBfLIASgpiTCC0asr&#13;
rA10VqGUWBJXBiHbYIMNpilbTs/UwGxiJbFEjnaxi8gBNvvtt5/Gz0EyiaOzA1F41gbbpkw26OEm&#13;
aRYm0uYGJu5behY1zfQQUyyv5vaJpZf4Shathx12mBIcOX1U5ZHTZnWSwcJqljwbZG0hQ1m5K1cH&#13;
0pUQS2IPS2XCFQYrHzGFkObmRd0IlscySLo2mVJdWx5p+vS7pUufx9IPqYQgypHjGg9LTKz9cMgH&#13;
kz4ucjzLJITs/I1brpxwq9Zjgv1pH7jMNnVo5Y72Ka990HaG1Zl4zdzzkFoOUIKA4orELmu66dAs&#13;
Ay8G4mA52ItNgVI8SFtaxzTPmj5fgztjnfWRtE8169z8O9fXUnktfT9torkRZPnZzrz1W7tvn6lu&#13;
7H638WZQmJXigFw1ZbIpUjoW1LQVw6f5WYtxKbGskasGG9pJOh636WGs2gF4pjKk3w3ztI/0O8f2&#13;
8ryNAd3myRq91IzpuTHF8Ek/c2lz2ObukVfJ3DtVwi9K565extBUtvS71TltG9zP1b9GL93ktbaQ&#13;
zgd2v1sbQUbqwxzJJhUEsXmxYctGPRvKNh+ndaqZK5t5+9+OQAkC40IsSwQbqzQ5Ykln5KRSFtws&#13;
zHGRskuOKNcDWIZFLBnosIphHWPRboenIAPEEAtTtxhLZIVMQNSIgUPJEGV2S22gIU1usLXBLR30&#13;
2M2HfBx44IGdGE3ykNek6AAnryfoWAYZWIltZEfNLHyQSHYosZyCuV3Iw4mt1AuCZIQ5XchY+vQz&#13;
VwfSlExuDOA1MnFqGyfKEifatLLLMfJqhZVXb0RcZttkyk1iyJqmT7+Thit9ngkFfNlA4EAkayuk&#13;
hTSTD66ueAmwIcIJguiLBahd5IEVWV5PEm03F/2RFz/8PdqFVZ2TYTnQivpTVvMZcMJNlkUEJw1D&#13;
XtncwGINuWT3v4klctNmwZk2iHyleLAJVFrHNM+aPl+DO1i09ak2XHN9LZXXnu2nTTT11MyvRjf2&#13;
XLfxZlCYleKAXDVlEjddOhbUtBXDp/mJzmowLiWWNXLVYEM7ScfjNj2MVTsAz1SG9LthnvYRvvcz&#13;
x/byfOk8WaOXmjE9N6YYPulnLm0O29w98iqZe9n8LJ27ehlDU9nS71bntG1wP1f/Gr10k7dtPiht&#13;
I8ho9eEkePqcXWzMc7YCh981N8DTOtXMldSndD1gcvjn5EbAiWXL60Z4FQbkjkBoLFEczMIJrsTY&#13;
2WmjWBC5SiZdGwia1kGezQ1suGtSNjFwnDiKSwOvJ5F3Z8bZZ59dT3c1AkYebRfujZwmyKKfeDZ5&#13;
B9yIpDmZ2gY9s0wxGRCnSF4sZIiD46RTLBycHEsMpbzfTcmsvPC+Y7GEMHBQEySIA3SwUkIc5KXv&#13;
SoCJ08PN1wbDFNMRgje+5OrAv0smN2SokYnBGSsscYycFgxRl3dyqnWZekGu0WebTDldI2uaPv1O&#13;
Gq7c85SJFRgLN26/WHgvFHdXTr+FrO+zzz7q4oqbK1ZFNgfARt5pqgfusJPJIQoQfjuFFXKIu6y8&#13;
D1Wtny+U3v6bfkEekEF5z6K2WdoLhJvXrLARwsnHuLiauyzu8MjC8ehgiBUTkolFjHyQH5LOVYpH&#13;
TR1zedb0+VLckb+tT/G/3JXra7nj/nm2nzaRK5t7Nbpp5tFtvBkEZjm9IUMOB+6Xllk7PtW0FeRI&#13;
rxqMS4klZdTIVYoN+abjcZseSDsW7YByUhnS76ThyrWNfufY2udL50nkLdVLzXiXG1OYv3NXLm1u&#13;
/GnDu2TuZR4orScy1o6hqWzpd6t3rm3k6g9Wg5K3rS41bcTqw2GCvJqLDds//vGPunHMBhlzt821&#13;
1DWtE95FbG6VrAfYiCZcibCXXsJlDGv/nDwIOLFsIZbEdrEbhOsjr0TZdNNNNQYQNwN54XzPp8KW&#13;
EEt2oLD4cWom8ZQMABz4wqIbK2DTZXS0popFDqsQp3ZCIJqxhjxng1NTprZBD8KHqxguFpAQAsPJ&#13;
jx0ySCtkgNdZ0KCwOHEqKwMc5JjdMSyukBXebQmB5HUBWH0hqsRZQj4gwRB4BvF0IdNWz1wdSFsy&#13;
uUFcamTC0sYAS/0h+cTZUmdcZHkViVnr2mTKTWLImqZPv5OGK/c8brjU1WJvIb2ryVHj6B35IM/s&#13;
tnLRBmhLWOIhmZBRdjaxFEP2zU0aHXB4FWSxaV3WTDK/aAdsJqBL2gd6p43iss3ExSdxH2xGsPvJ&#13;
haWT9/NB7MESazCWT94zyutP7DUtpK3Bo7SOuTxr+nwN7m19irrlrlxfo49xwm+zr/Jsv20iV36N&#13;
bprPdxtvBoFZTm9tOHC/tMza8ammrTQxsr9rMK4hljVylWKDzOl43KYH0o5FO6CcVIb0O2m4cn2k&#13;
3zm29vnSeRJ5a/RSOt7lxpR0PUDZXLm0ufGnDe+SuRfSU1PP2jE0lS39/kJN820jV3+wGpS8bXWp&#13;
aSNWH+ZM1lvM9XgesQ7ASwlrts21bTolLKVkPWDxpaxzStYDhq1/Tl4EcsRyCotOsWgEMc0HsRwE&#13;
IVLy2skZ85IBLsiiOMippEHIThC/9U5FZacmiAUuSPxakIkkCHkKshgPYsEMsmAO0pGDLPaCWBQ1&#13;
jUy+QRbW+n+xZgWxdgax1IQpU6YEsd6E9B4FyYImyI6T5iODg5bPPXE9CLKgCBKPE2RQC2IRC7Lo&#13;
DrJ4D3LYSpAdb5WnI2zmD/IQwhCoo5zAGsSyqLJY0pxMclJYEGIR5LUwQQ656aSXQSpITF6QRUMQ&#13;
AqJYCfEIQlq17mIlC1OnTg2zzTZbEFITxIIZyAs8kRmchFgEcdkMMlAFWQAFibkL4h4ZhLgHccPU&#13;
+1tssYXWi2fB3TAFw9yVqwPpZPdO8UMOccMM8q5FfZw8kUHIVJBBWPVaKpOcZKxYShxREMIWJO5C&#13;
2428HiYI6dY2QZo2mXK6Rqg0Pe2rtK3wvEx4QXYkFT/aLHWlvQjBDELcVCekoz2IVTAIOQmkA1Pa&#13;
K3qUCSaI1Zhk+j/ZkQ9iHQ/yXrwgFm+9P9ovcWfVtiGxtUEmNcVJLPtBNkLC8ssvr3iTT1OPsvsZ&#13;
wFLiIoOQ/CAW1iCEVuWWTYYw88wza5EpPpZHDs/SOrblWdrnEawU97Y+1YZnrq+JRU312xxTeD6H&#13;
AfdLZSNt7irVTfPZbuMNaUvlasOsTW9tONSUWTM+0c9r2koTJ/u7FGN0LwQiMM7IIjKI27plkf2s&#13;
katUHyVznAkzFu2AstK2UDNu0l6Qs9c5tpfnmXtK5knqVqqX0vEuN6bY/E15zSuXNjf+pPjbuFw6&#13;
9zK/lNazbTxoyt38O5Wtpm3k6m9YDULe0epS2kbkkKwgFs4gZzvoOCQbsTp/y8Z9WH311XX+t/kT&#13;
XHJ1kvCoIKFeXdcDrHPEE0LXevL+1iAHAzWh9r8dgWkQEM/OIIc0ht122y2I0UXX+pOKWE6DSOYG&#13;
i2bInbh2BhYUw77kNExdMMrLb1UhVh6Do+wcBjlUKEisoy7E7X9j9cmEyg+kIcUC8g2xZOFjk0xO&#13;
LkgleEI0SD89XLUygQGEnQ2JbvUdq/qJpVeJMsRytLYqFkyd0NERxL85AfUrq+zRBbEQaP60kZL8&#13;
wZIJm7RsVAzi6reONX2+FPfaeo3W10rz6le2YegG2fuVq7T+zXSlZdaOBTVtpSmP/T0sjGvkKsXG&#13;
ZB7U53iV2+8c28/zpfMkGJfiUzre1YwpNWn7bQ+l9ey3nJrnR6v/sOXt1kaMWMqp/7pxy2Y/6xDW&#13;
U6OtvXJ1Km07Ndh52smNgBPL6VD/W221VcBiLK6vQdwEdSeKHcPvfOc7QWLogvi6q7W02871dFg1&#13;
F8kRcAQcAUfAERhXBPqdY/t9flwr74VPeARSYjnIzeEJD45XYNwRcGI57iqYVgBcTiWWT11H5RAf&#13;
JZYSv6ffcUWQOE91YRxtZ2raXP2OI+AIOAKOgCPgCPQ7x/b7vGvAEegHASeW/aDnzw4bASeWw0a4&#13;
h/xxVyAWg1gFOXk24F5IrCaxi8QrEovmpLIHYP0RR8ARcAQcgUmPQL9zbL/PT3oFOAB9ISAnsQc5&#13;
VT/IQUAaT+nrwb7g9IcHjIATywEDOsjsiFWT9z0pseSQFYLd/XIEHAFHwBFwBByB/hHod47t9/n+&#13;
a+A5TEYEiJ8mNjJ31sVkxMPrPH0h4MRy+tKHS+MIOAKOgCPgCDgCjoAj4Ag4Ao7AhEPAieWEU5kL&#13;
7Ag4Ao6AI+AIOAKOgCPgCDgCjsD0hYATy+lLHy6NI+AIOAKOgCPgCDgCjoAj4Ag4AhMOASeWE05l&#13;
LrAj4Ag4Ao6AI+AIOAKOgCPgCDgC0xcCTiynL324NI6AI+AIOAKOgCPgCDgCjoAj4AhMOAScWE44&#13;
lbnAjoAj4Ag4Ao6AI+AIOAKOgCPgCExfCDixnL704dI4Ao6AI+AIOAKOgCPgCDgCjoAjMOEQcGI5&#13;
4VTmAjsCjoAj4Ag4Ao6AI+AIOAKOgCMwfSHgxHL60odL4wg4Ao6AI+AIOAKOgCPgCDgCjsCEQ8CJ&#13;
5YRTmQvsCDgCjoAj4Ag4Ao6AI+AIOAKOwPSFgBPL6UsfLo0j4Ag4Ao6AI+AIOAKOgCPgCDgCEw4B&#13;
J5YTTmUusCPgCDgCjoAj4Ag4Ao6AI+AIOALTFwJOLKcvfbg0joAj4Ag4Ao6AI+AIOAKOgCPgCEw4&#13;
BJxYNlT273//O1x77bXhtttuCw8//HCYddZZw0tf+tLw1re+NSy55JL6vZE8/OMf/wjXXHNN+N//&#13;
/te8renmmGOO8IpXvCK88Y1vDC9+8YvDlClTNM3UqVPDVVddFV7zmteEN73pTWH22Wcf8Sxf/vvf&#13;
/4bzzjtP81l99dXD3HPPPU2aXm/cf//94U9/+pPWcaaZZgqbbLJJmGWWWcIVV1wx4t4999wTbr/9&#13;
9vCegO4LwgAAQABJREFU97wnzD///B35S8q98sorw6233jrNs88//7zWbc455wyUPeyrRp8zii5f&#13;
+cpXhgcffHCEjl/72teGxx9/PKy99trVukRHOX2OtS6H3VZq8h9W3XM418jVb9q0XuMtT7/1GWv5&#13;
n3zyyXD++eeH+eabL6y00kqBca7muuyyywLzw3vf+97wkpe8pObRCZG2X3wmRCVdyCoEhtVHL7/8&#13;
cu1LzHn0R1t/VQmXSTyj9tHSvjne9S+VM6M6vzWGCOSIZVhzzTWjkKq49957R1mcx8lw/fnPf457&#13;
7bVXXHXVVaOQQf151ateFYVQxg984APxpJNOio899tgIKE4//fQoC4i4xBJLjPh5/etfH5dddtko&#13;
g1rcY4894o033hifeeYZffYXv/hFXHnllePBBx8chbyOyM++PPDAA3GNNdaIG2ywQbz77rvtdt+f&#13;
Tz/9dPzSl74Ul1tuuSjENi6zzDJRBvZ4wAEHjLgn5Druu+++8S1veUu87rrr4nPPPVdV9v777z/N&#13;
s7SjH/7wh/G3v/1tlMGhKr9eEtfqc0bQJXqTTYlpdPzhD384vvnNb+5Jl2Cf6nOsddmL/of1zDDr&#13;
nuI8rDrk8s3VazzlyclYe2+s5b/vvvt03P74xz8eGcNrr3322Uf76U033RSF5Nc+Pt2n7xef6b6C&#13;
LmA1AsPqo1/4whd0DfKXv/ylev0yWiVm1D5a2jfHu/6lco6mQ//f8BGA+8w222zxs5/9bPzXv/6l&#13;
BU46Ynn11VfHD33oQ1EsjPH9739/POyww+Jxxx0Xv/rVr8aPfvSjSsJYmEM+nnjiiY5WjjrqqLjA&#13;
AgsoGYWEM0jys99++8U999wzvuMd74hibYzbbrttvPfee/W5E088Mb785S9XwmmAdzL8vz/EWhgX&#13;
X3xxJX533HFH+u+ev5OvWEmjWLCUfFBHBt70HovMY445Jm611VbxlltuqR6Yc89eeumlWp+vfe1r&#13;
8dFHH+25DiUP9qLPGUGX6I2NiFSfX//613vWJXin+hxLXZboeyzTDLPuKc7jXa+dd945zjPPPFG8&#13;
GeKzzz47luIMpKyxlv+uu+7Scft973tfZ7yvqch2222n88X1118/QxLLfvGpwdLTTgwEhjXm7bjj&#13;
jtqXWAvUboyPhtyM2kdL++Z4179UztF06P8bPgKTnlj+5z//idtvv70uoCBSDERY9rgYkP75z3/G&#13;
7373u3HBBReM73rXu6K4eHYmfSMjn//855WVs8vMD4swcT2M4halO9DzzjtvvOiiizTf8SSW1G3R&#13;
RReNm222WWTnhyt3j/uQ0L/+9a89WRdzz/7kJz9RDA855JChEste9Tkj6LJNnzl9kLb0Sp8fK12W&#13;
yjeW6YZZ9xTn8a7XWBOzQdd3rOXvd9Ez3ou2QeOf5tcvPml+/n3iIzCsMc+JZV3bKO2b4z1GlcpZ&#13;
V3tPPWgEcsRyCq6wF198cRA3ziCWN/VRH0P33DEt6oILLghiUdRYSiGQYcUVV5wmllJcYMOuu+4a&#13;
xBoUxOIWll566TDzzDOHo48+OgipDDvttFP49Kc/ncVJLJ7h1FNP1ee23HLLIK6wiquQ2PC5z31O&#13;
Y97SCot1MwiJDS960YvCmWeeGYQMpklGfBcirHGbQoLDQw89FMQErfVZYYUVwiKLLKKyiqUlXHLJ&#13;
JUGsV0FcccOmm26qMUDEQn7rW9/q3Ft++eU1LlTcdzXGkhhPYhSIJRUyGlZZZZXw97//PYglM4jl&#13;
MYjFNrz97W8PQry1HAQTsjrNs2LtDULewrrrrquxfuI+HMRdLIi7bVhsscU0ztMqRX3EZTaItUT1&#13;
wXfkJ+YVXOaaay5LOs1nr/oU6+2E1iV6E4tlILakqWPuEwMsE3joRZcA3NQncbepLokJo93dfPPN&#13;
QSz7XfXZFntGjJ+4AWrsskwg2o5f97rXaYxzU+ekE6uOtkOx+ms/oQ3Rd5vpkLu0zVJP2jTtnHZJ&#13;
jLR4FmiexEoTE0x+ubq/7GUv6zxHeyaGGrmIy6YP8iz3RuufKc4WFzToOlBOerXVS7wvgmyEaV/k&#13;
GfARj42w0EILqU6afd7yZNxgfABD+i+x5GDQpnN7zj676cDSlbSVXXbZJZxwwglDkZ84eOrJD3E/&#13;
jNH8ML7RBr7//e/rmEgM2Z133okXUJANRhNf+yRjFWO84SMbnNq+iIEn/r4ZF1aCK23MxtS0DdKe&#13;
06tk3uCZ2jbIM6X4kDZ3leiX54ZZh1SuUplq5KppH+Rb2j9IW9JmSJe7xgpX2hZzis1NtHlrb+98&#13;
5zt1PmBOQB76F2sNxhXGf9n41rMwWINICFNgHLazG1iTnXzyyYE+RlvkDAUuziAgD/pds3+V1jfX&#13;
R0uftXqVrKFMJzVtrlTf/fTNXP2RsWQ+pk6lWJG2Hzl53q/xQyAXYzlUYkkj5HAcBgVID4fblC46&#13;
hgGTxFWGH/zgB0oMd9ttt9ZDE5ioxRqmEz4H+jCAlRBLSOsZZ5wRvvKVrwTZ7Qm//OUvB0osH3nk&#13;
kXDaaacpAYXoIRcEAxLGQvtTn/pUWGqppYJYCsPvfvc7JR4sCFmwk5Y6MeDZPXEFDuIWHL797W+r&#13;
rMcff7zqCPnZbNhwww01Hw6IoWwO/hGXX60Ti0jylDjOEc+Ck8So6iEw4uIbXv3qV4f11ltP5ebz&#13;
Yx/72AjcOUCJTQ0ODuJ/lPWJT3xCJwPI/8ILL9zaFHrV57HHHtuVWE7PukRvLDo4hAly2dQn95lg&#13;
e9ElQDf1yebEKaecMkKXhx56aGAzhDayzjrrdNVn28EkHHxCOyEv8RbQdgy5YxNE4kT1ECzuQ+5+&#13;
9rOfaTran3gIKKGkbDZsWGiwaEDu0jZLH4AM0PbYmOEiXw5hkZg57S+0kbQdU3fGMMoCd4mtViLD&#13;
An+jjTbSDanf/OY3Xfsn9WjiTJ7WlwZZB8pJryOPPDJbryOOOEIXZ5/85CfD3/72N13EQdRZ2LE4&#13;
YrMNQo+cjOtnnXWW6oYNODbe0BVjO32cTTXI8mhXiQ5M/pK2YsRy0PJTrx/96Efh7LPP1jaKTNQX&#13;
ggiWbH4ZsZRY9XDOOedon2GjwRazbDxsscUWgYO19hcCT5ttW7SV4iqx8tk2iAwsuptX6bxB3Wr6&#13;
EWXU4NOUqfl3iX6HWYemLPZ3iUykrZGrpn2U9o9++2KN/LVtw7C0z9HGPDZpmG/oK8wJ9BE26mnL&#13;
kEY2SxlnGa/F/VzHIw4a5DJiydjNhickhR/6n1hTtK8xR/K9pr5pH2XNVbL+6qUfUY+SNlej7377&#13;
Zlp/yi6dj2tw7ldOsPNr/BDIEcuhxljK4BhxUxBLSlx//fXjT3/60xFxi4M2yXbLT6wtGmTKoTpi&#13;
2emWfMT/zX2SQHHi29LrhhtuUFdYsaLEX/3qV5r/oF1hZYEdhSRGUaTGhMqiP37jG9+IsshW994v&#13;
f/nLUTp0vPDCC/WQHhl49VAhWfhEWRzFL37xi7F5j8N8wCF1I+O7DOxRFk9xhx12iIcffri6CGPy&#13;
xtWX77ihcqXPEqMlFl1NRywruIllSIPrhfzGqVOn6nP2SwiKloXboUwGkThTyhTi3/VQjF71OdF1&#13;
id7OPffcaXTMfbATMtCJlavRJTpp6lOsKdPoUiZ9dRnnMKgSfZqem5+MC7Rhnkf/MllF2dyIciJz&#13;
5DAsIcbxqaeeUpdyDp/iACzcqmVSj7KYj0JeNBYaPdohWzX1lI2LyGFdxErLokVjrLfZZpsom0ga&#13;
j0wfyrVj6i6ToI5pxGjTF2XyjbvvvrvGpnJgVUn/THG2mMZB16GJuf3dVi8OoaHdcDgZcsgGXCRG&#13;
erXVVouyuFOMcPnnko23KGRTDwFDf7KZFoWIRyHXWn/01IxPt7KbnyU6IH1pW7F2O2j5ZaNAD2eT&#13;
jS9to+KRorH1tF0OLGjGWLa5jhGKQKw7cyDugFy5tDW4Mq/m2mAupr103kCumjZI+hp8SJ9epfod&#13;
Zh16lYnnauTK6Zw8cu2jtH/UtBnKSq8a+WvbRlqW9VHGoHTM41wL2RjX9QIHDIohQs9pWGuttfTs&#13;
C0KUxNtK78lmc2RuskMSzRWWvs/aw8b0jTfeWMd55gybJ2rqm+qr5tlarEr7QY2+++2baf0J8Sqd&#13;
j2uw6lfOtJ3597FFIOcKO1RiycINIiJcWn8YJPCbHq+LxYDsJkVOEWWBWHMZGRErXoSoiduV/hCQ&#13;
DrnjNFlxudDTXSFPsrsTB00sGVhZ4MjrSTrEmHJkNz2Ky5oucmzh8oc//CGKK0gUS0MU10Wtau4e&#13;
/0gHfPsulgeNvbRJAEJOORBGJsPcs9zLxaaJNVIX7rKjr6SBdCxU3/3ud+vCTSxtihnkUtw8olhN&#13;
OulIm7t61eeMoEvwyOnTdGeTt30v0SV5Wnp7PqdL0pXqk7TpxbjAoph+ZBsUtGP6EodgQdBYIHPC&#13;
rew0az8zUkNe1JtDi9j4ELcnbTcmd7d60pYhsJwATRujXC5xc9S+AqGyxXlb3W0hQ/wyeXDiM88w&#13;
DpT2T5PXcEYGuzfIOpBveuXqZWUzjhFbzvgIVoxzHECGvsWbQLMS62CU1yrp5hYk3C4WexxERnjF&#13;
aON8jQ5K2gptY1jyo2M2IcT7RDe+qCttlhPwmNsGSSxrcG1rg7l5rWbeMBy7tUHTeQ0+9kzzs1S/&#13;
w6xDUx7+LpWJtDVypQt1nudKiWVN/6hpMy+UNvJ3jfy1bWNkSf//+JYb8z74wQ/GqbJuov2yBqBf&#13;
iUu3frIeABP+x0GJjD2MS7Z5ZX2BNmt5UDblSCiTzimcn8FVU99UXzXP1mJV2uZq9N1v32zWH/xr&#13;
5uMarPqVUxXrv8YNgTEnlh/5yEciFjwjluxKiY/9uAHA60V4tUo/xFJcvKK4d+oCikUUO9HslPHa&#13;
Ek6E/f3vf98hfTXEkleWdDsVlteBiIurEjIGVdKzg4W1gIU6JM0WdDnSkbuHMmwQtAHfvrPz13xd&#13;
CKSVOjfLsbT2LPnlFq4QSnYase4Y0RXXF120feYzn+kcU8zzpVev+jRiOZF1CUY5fab6sO8luiRP&#13;
S2/6zOmSdL3qEyK3+uqr64QvbksdYkee4uqk1n6s/7Q1yJ/E3kzTL1hgYCnEwnahWOcllqMjd7d6&#13;
MkGyOcQGCW0RCxS7xZAFFiWQJ9JwtdXdFjLHH398Z3FD+pr+meLM83ZvkHUg3/TK1cvKbi7YeA6S&#13;
yeuKzNrGuMOribDuYpnktTecbMoPOEpMk+qF+zmSQ56lOihtK1i3hyE/GwaM6zmiTP+AcA6KWNbi&#13;
2tYGwTe9emmX3dogZbCpUINPKleNfodVh35k4tkauZoLddvQIo8csSwZo2rbDGWlV4381sdK2kZa&#13;
Dt/teZtbmvfSsVTOpNCNGzxZbPOR9JxujzcVxMXuW1+QMyo6ay/SMv5svvnmmo+t+Wrqm+qr5lmr&#13;
awlWpf2A/lY69taOXeCVXs36MzfXzMelWPU7hqQy+/exR2DMiSWLFIiIxOUowcRNwUjF2Fc/6mKU&#13;
V4JgpmdXrO3CxSJdFBkZwTWM9/vgrsEP76iU+CRdZLEwNfcM8mbhBeHDrbOt3hKDqgs3rG/diCV5&#13;
8woEBlV2zCGyTEAsfCDwyCaHR2i1cqQjd4/ENgjagG/fcX1o1gfLAINLsxxLa8+SX27hykAHSWBg&#13;
NOsk7xLFIiWxBV2tk+SbXpCLXvQ5I+gSLHL6TPVh30t0SZ6W3vSZ0yXpetWnxNBEiQNWV9jR3tvK&#13;
hokc4KB9lkktvXg9EG7dRoRM7pJ64qrOYIiLJwtj+hCbG7y/FmJpi762uttCBpddSK1dNf3T5DWc&#13;
ycPuDbIOJlvzM1cvKzutk/V5NgMYW2y8kthZdcHfZJNNYvOHTTe8QnDVhvC1XSU6KG0rlDEM+XEt&#13;
l7hSdX1O2yCLWsZC3O1wkeZqLsSsDXE/JQ65tLW4trVB8k6vXtplSRtk8ViDTypXjX6HVYd+ZOLZ&#13;
Grlq2kdJ/6htM2lda+W3PlbSNnJl2fO5MQ93yOZYKvHsOr6z8dfc3OY7aypeq2WeJfQF5gJep9bs&#13;
d8hA6BKeBUY6+9FXzbNW1xKsSvtBjb5rx66cvprtFWJeMx+XYtXvGJKT2++NLQJjTiyZUOUwl0i8&#13;
APF/7Go3B4+xrX7UwYgBiEHLBqWcDFgdiS9i4W6xmEZG2mIsc/mYiyodNF2YWHpbQLNwM2uj/S/9&#13;
/PnPfx4lyF2tPWussUbE9QOCSfwZu3hNwpcjHbl7lGGDoA349l0OKOlYb0jHAN8rseR5ObxAF/PU&#13;
g8UY1g1e69KNUPNs7mJy6UWfM4IuwSOnT9NdL7okz/T5HAkhHVcv+oRMstlEnKS5bb+Q28jfuFVi&#13;
EWq6YDZT4HaK1Yz4maYrZEmbxWKGpZNNIWIrcb+FZBLfKYerdGKo2+pui3rbBTe5avpnijN52L1B&#13;
1sFka37m6lVaNq6/kEfGAXDA6pv7Ia56tLG+RAelbaUGuxr5L7vsMl1MEX9qbsCGI6SZDZIcsWSx&#13;
1FzgMr41rb7k0Vy0kbZGLnBta4MmX/Ozl3ZZ0gZt7irFpykTf9fod1h16Ecmnq2Ry3Re0j5K+kdt&#13;
m0nrWit/6RiRK4d79rzNTc179DXqbJcRyx//+McjjAC2WZ8SS8ZvPGDSi3Ml2ATDlZ21XC/6Yt1K&#13;
H6151upa0o9K+0GNvmvHrhQ3vlt7pf5//OMfq+bjUqz6HUNycvu9sUVgzIkl1aNDsoA0gja2VR5Z&#13;
mrzWQoPCsfARU5VaJUnNpC2nkSlhabox9EJGWFyxy2O7/SOleeGbDZRyamAnbjGXjh1y4rdYbB92&#13;
2GG6MMbyR1A676BksceBGoO0WDYnAGTql1iSHzvcxAlQbwL07cChXJ273etVnzOCLsGmhliW6JI8&#13;
bUK09DkSQjquXvSJ+xZWwpyFnjZOfCXWLuJq0sX4C6W+8BvvB2JtOBAM74NUbkubtlnSypH2upnB&#13;
/3D1xGKOFwAu7VjQzY2zre62qMf108aQ2v6Zkzd3j3r0UwfDofmZq1dp2XheQCoh41gIsFw3f9gp&#13;
Z1GDi1OTXDXLL9UBY1tJW6FNDUP++++/X8kjhxKlmyC2GGy6wlq7YLFk7YJ6226/uRNzr7loA6da&#13;
XK2sZhsk3/QaRLskz7QNco/NUsh1KT4807xKxwI2qGvmvtK20JTF/i6ViXS12JrOurWP0v4B/v30&#13;
xVr5+8EVfHPP5+6RtpZYMhcw9jT7HflwmB1nX0DwGKdq2lGzj2KIqHm2rV65flTa5ogTLdV37dgF&#13;
VunVrH8aEpGmbc7HtMtSrPodQ1I5/PvYIzAuxHLsq9leIrvOnCSKawRumExYzcUPpBI3WTovpzuy&#13;
wLRdtF7ICIMR7p+4bnAwCZaV5sViYuutt1Z5OPWMgb7tgkRCHonFbMapMpDyLDt2LPYsSD1HOnL3&#13;
KC8dBNPvJlNuUMylZbeKBfqBBx6oC0x7ngkTiysnixGwDclEJtwm7EIfWAP4aerG/t/87FWfM4Iu&#13;
wSGnz1Qf6XfDL6dL/pemb9MlaUv0Sbr0ktelaLwt8cJNqxZxmxy2QN/Eeo9VHnJJLG4zHf8jvpaY&#13;
XRbW9NFUbiszrScEAQ8KecXNCC8C8qBtyiszdBHC97a62wKxuaiv7Z85eXP3qEc/dTAcmp+5epWW&#13;
DS5Ym9kU4hCxprsreiEf3IrTsbVZfo0OStoKrmTDkJ+xlRO32XCALDfHKdymOdSoSSxpUyxwOeWY&#13;
vsHFGEacGNb1ppW+uWgjTS2uuTbYxNj+HkS7JK+0DXKvFh+eSa8S/UIKaua+0raQymLfS2SizdVi&#13;
W9o+SvsHY2I/fbFW/n5xzT2fu4ceaoklITGERzQ90VgnySuk9CTZqRKmVFvfZh/FGjrMNljS5iBh&#13;
pfoeRN9s1h/yWzofY7QpxapWzpr1ofVn/xwuApOeWAIvJ5sS58eiVN55poQPyxeLWtxfGYg42ANX&#13;
u+Yg1QsZoTwsMBzwAyHEzQ5LHfETvCqEiQYChjsVVkcWF20XizYOP2JBRwA76VnYckAQlkoGVgib&#13;
uZXmSEfuHuWlg3v63WTKLS5yac2SyCBITAS7ZwwgXLyqBHyp9wYbbKDuUJY/nyxIcVH85je/qTuM&#13;
zf/l/u5FnzOCLsEip89UH+l3wzCnS/6Xph9Nl6Tvpk/SpBfEBks+sXm4KOEaRgwM7YH2zcIc+XCj&#13;
p51wCjH/x4oJyWR3lP7LCYEs8LhSua3MtJ68KgiPBfJl8SLvjVSLElY8xgX6qZ0021b33KK+tn/m&#13;
5M3dox791MFwaH7m6mWvGzFLtaVPy+Y++sFzAn3hqoar1IXiWow+2OAiBj33SibLs0YHpW2lFLta&#13;
+Rmncd1mAxBLOgdLMebwuhw7tdJiLIn3hWximeQVLMTD85onJl6sJqNZLGvlyrVBw7f5OYh2SX65&#13;
dsD9GnxIn14l+oUQ1Mx9NW0hlYfvJTKBRy22pe2jpn/00xdr5e8X19zzuXvooJZYsqHD2M2cgacY&#13;
fY8T8QkRMsJZW98mscITbJhtsLTN1ei7377ZrD+ErnQ+rsW5Rk7INaFfuEKPNsfQhvwaGwScWArO&#13;
7CQz2UN6GHTYWYGY8a48Fpt8HnTQQUqG6Ex29UpG2OmBpBJPyAKF1yTgBogLEZZMLKgslps7/1Zm&#13;
85PdcggXJBUCyWsB2C2nHsRZQoh5vQgLH0hcjnTk7lFGOrin302O3OIilxZyiysE+DLY//rXv+7s&#13;
4LNIIJZNXlYcv/e973XeL2VlID+WTBb5Tcus/T/97EWfM4IuwSGnz1Qf6XfDL6dL/pemH02XpO+m&#13;
T9KkFy6OTA60DWJs2VjhFSC4PXLsulm7sEhzQBYTOunY1aW/8A5NFg32WgzyT+W2MnP1hESy+4ol&#13;
CpIJQeLVJVj82bSxd5611T23qK/tnzl5c/eoRz91MByan7l62Sm7JcQSzwoWfoxDb3vb23SDgPhu&#13;
rMslm2TIUqqD0rZSg12N/HiZ8K5Oxmxel7XppptG6krsL6dKNy2WLD7BkU0P2jMTLpZ1TrhknuGQ&#13;
KHOpTRdtYFIjV64Nkkd6DaJdkmeuDXK/Bh/Sp1eJfrHM1cx9NW0hlYfvJTKxNqjFtqZ9lPaPmjaT&#13;
1rVW/n5xzT2fu4ectcSStQavw2BcZwyir+J5hnfKVLFWsiaqrW+zjw67DZa2uRp999s3m/WnvZfO&#13;
x7U418hpcaasFUrWh2mb9++DRyBHLKewsJJd+yDWsyA7zkEmS3k7yIx9ySARJM4hSOxLkFiZIJbJ&#13;
ILvPQdyVwvLLLx9kgRnEXTYI+ekAIdbBILvy+n8hiZq+888uf4hvfxBXqiADnJbHd3G5C0IEA3nJ&#13;
Ai3MPvvsXXIJQSx/QdzPgnSuIJ0xyME1QVx2gwyiQdyF9L7EagZZ2ARZwASZnMIb3vCGIIsbLU92&#13;
kqa5R6FirQ1iNQqyKx/EmhhkZ37Ed8NBBowgpCzIax6CDN5BdgmneZa0MggFiVtTjGXADEKCgxDF&#13;
IK96CWKVDULkFQexQul9OTW4U3fZkQpi1VU8xF1W9dD5Z8sftfqcEXQJFDl99qNL8kyfl2GoVZek&#13;
76ZP0uQu+pycBBjE8h7EJTzIqcbaVmVDIsgGT7A2IbuSmk7iIoNYJ4NYxIJsPARZ3Gv/mXnmmTX7&#13;
VO7R2qxs4gTZzAlCogLtjbSyMNG2KAuTINZ/zbOtHdO2ZQMkyOuUgmwOdcaJmv5JP272OWQYRh1y&#13;
2OfqRVtiXLExYDT8yFMWOEEsn/oMGMpJsEGszaoX2QgIs802W67ozr1SHfBASVupwY48a+SnfmIB&#13;
CRJTGiR2VMdX2YzQcZK2Ki7UOiaSL2mYJxjrwUDIdhBLZRAvFR0vZSNQ05511lmaVhZv2vYM71K5&#13;
yC/XBpEhvfptl+SXG/utnBp87JnmZ4l+h12Hpjz8XSIT6WrkYkwrbR81/aO0zSBvetXInxuzyG+0&#13;
ttEsL9dHc/d4Rg6LCbJxqn1HCKKOL9wHP+RgjWbrJvqCuKoGWeDqc8wVzAv0Pfom45LNEzX1JV/K&#13;
sz5KOy9df/WCVWmbq9F3P30zN0aVzsc1ONMvSuVkrSAWTl1LykZCkIOZaBZ+jSMC4r0T5PTjIG+/&#13;
CGIYUF4yKYml6YBFs+zE6iIDYglRsgHI0gz608qDWIp7VGcBXVMOpFIsdUq6ui3gavIddFomHH7A&#13;
1oiCuBkGOewhiGU4iNUqiOvYwIoda31Odl2iuH71SftgQoVY0idsgZ02CtIxodJH2aAYxAUpJk/K&#13;
HK3v59rxaOWPZf8srUNO3tp65fIQS4CSLYhlL+NZjfylbSUnZ9u9GvnZwGLcLaknBJSxebQ23SYT&#13;
92vkGi2f5v+G3S5r8GnKZX+X6HfYdTBZ7LNEJtLWylXaPmr6Rz9tplZ+w2d6/GQ+YTxiTmmbT/qp&#13;
bz/PluBV2uZq9N1v30zlRsaS+bgWq0HLmcrt3wePgBPLwWPqORYigJWQAV9iCYLEKAU5cCjQIEss&#13;
tYVFeLIxRMD1OYZge1GOgCPgCDgCjoAj4AhMZwg4sZzOFDKZxMHVWoLq1bVEYuWCvF9K3QgnEwYz&#13;
Ul1dnzOSNr0ujoAj4Ag4Ao6AI+AI1CHgxLIOL089QATkRfZKLIlJ2nzzzYMcQjR0t+MBiu9ZJQi4&#13;
PhNA/Ksj4Ag4Ao6AI+AIOAKTCAEnlpNI2dNbVTnEB1dYDl/B/bUt9mF6k9vlySPg+szj4ncdAUfA&#13;
EXAEHAFHwBGYDAg4sZwMWvY6OgKOgCPgCDgCjoAj4Ag4Ao6AIzBEBJxYDhFcz9oRcAQcAUfAEXAE&#13;
HAFHwBFwBByByYCAE8vJoGWvoyPgCDgCjoAj4Ag4Ao6AI+AIOAJDRMCJ5RDB9awdAUfAEXAEHAFH&#13;
wBFwBBwBR8ARmAwIOLGcDFr2OjoCjoAj4Ag4Ao6AI+AIOAKOgCMwRAScWA4RXM/aEXAEHAFHwBFw&#13;
BBwBR8ARcAQcgcmAgBPLyaBlr6Mj4Ag4Ao6AI+AIOAKOgCPgCDgCQ0TAieUQwfWsHQFHwBFwBBwB&#13;
R8ARcAQcAUfAEZgMCDixnAxa9jo6Ao6AI+AIOAKOgCPgCDgCjoAjMEQEnFgOEVzP2hFwBBwBR8AR&#13;
cAQcAUfAEXAEHIHJgIATy8mgZa+jI+AIOAKOgCPgCDgCjoAj4Ag4AkNEwInlEMH1rB0BR8ARcAQc&#13;
AUfAEXAEHAFHwBGYDAg4sZwMWvY6OgKOgCPgCDgCjoAj4Ag4Ao6AIzBEBJxYDhFcz9oRcAQcAUfA&#13;
EXAEHAFHwBFwBByByYCAE8v/0/KDDz4YrrvuunDXXXeFf/3rX+FFL3pRWHDBBcMb3/jGsNhii4VZ&#13;
Z5210x5uuummcP3114f//e9/4U1velNYeumlw2yzzdb5f/OPv/71r+HGG28MTz31VFh77bXDAgss&#13;
EGaaaabwj3/8I1xzzTWaRzM95cwxxxzhFa94hZb94he/OEyZMqWZpKe/r7zyynDrrbeG97znPWH+&#13;
+ecvyvP5558P//3vf8Occ86pMvdUcMFDl112WZg6dWp473vfG17ykpcUPDF9JSnFtjTd9FW7aaWp&#13;
6SvTPu13honAWLexJ598Mpx//vlhvvnmCyuttJKOFTX1y/X9sa5DjbzjmXZ6xqWmHQyyHoPMazx1&#13;
O4iya3QwiPI8D0fAEXAEcgjkiGVYc801oxCcuPfee8d///vfcUa/br755vi5z30uvutd74pCFOPr&#13;
Xve6KGQxrrDCCnHLLbeMsnCKQrA6MJxwwgn6vyWWWCJ+8pOfjLLQ7vwv/ePzn/98fMtb3hJJe/nl&#13;
l8dnnnlGk5x++ulRFmJ6n//Zz+tf//q47LLLRiGhcY899ohCSjvPpHnXfN9///1VDiHP8bnnnuv6&#13;
KHr/4Q9/GH/7299GmbC6pu8nwT777BPf/OY3RyHsUchsP1mNy7Ol2JamG5dKFBZa21cKs/VkA0Jg&#13;
rNvYfffdF9dYY4348Y9/PD7wwAPVtcj1/bGuQ7XQ4/TA9IxLTTsYZD0Gmdc4qXVgxdboYGCFekaO&#13;
gCPgCCQIwF/E2BY/+9nPRjHU6X8nFbGENO2yyy5RLIRxs802i4ceemg88sgj47e//W29v9BCC8XV&#13;
V189ys56fPrppxWg73znO/GlL32pku/XvOY18W9/+1uWEAEo5BGSLqw+XnTRRR2SeNRRR0WxXsZV&#13;
V11VCTwTJD/77bdf3HPPPeM73vGOOPfcc8dtt9023nvvvYna6r8ec8wxcauttoq33HJLEbG89NJL&#13;
4zLLLBO/9rWvxUcffbS+wIontttuO62rWIGzOFZkNS5Jd9555zjPPPPEK664Ij777LOtMtTqoDWj&#13;
cfpHL31lnESdtMWWtsVBASQeHnHxxReP73vf+3oap3J9f6L3k0Fhm+Yz1rpNyx/te007GKR+B5nX&#13;
aPWbCP+r0cFEqI/L6Ag4AhMTgUlPLMUdNYqrq1or//znP3eIH+pkB3D77bdX0gPpe/jhh1XLRizF&#13;
TTbONddc8Ywzzhhh0bSmcM4558RXvepV+gO5zBFLLJoQUCx1/EBMHn/8cbWSYsWbd9559TkjtZZ3&#13;
7ec999wTxS232Pr4k5/8JIorcDzkkEOcWHYBu3TBV6uDLsWO+b976StjLuQkL7C0LQ4Kpn4Xszli&#13;
OdH7yaCwTfMZa92m5Y/2vaYdDFK/g8xrtPpNhP/V6GAi1MdldAQcgYmJQI5YTsEV9uKLLw7iihnE&#13;
eqbxMzk/2hnhnrikht122y184AMfCEIeg1giR1TrD3/4QzjssMOCWO/Cpz71KY1PPPzww8MBBxwQ&#13;
PvShD4Wf/vSnYaONNgpf+tKXNH6y+TD58jzxmmLNCr/+9a/DO9/5zjDLLLOEo48+OgipDDvttFP4&#13;
9Kc/ncX4ox/9aDj11FODWA2DuOQGsYo1s9eY0Ntuuy289a1vDYssskiYeeaZO/8Xchp+//vfa8wi&#13;
/yfW8/bbbw9ifdWyiNu86qqrgrivBXHV1b+JLV1yySU1nvKXv/xlEKtqWHfddTU2lPhH4iDvvvtu&#13;
LNpBCG+nLGJNL7jgAq2nuA934qyEDGu+//znP8NDDz2kcajgS5qmvELeA3r405/+pDGrbTGlV199&#13;
dRCyrxgS58oPZSy66KLh7W9/u+JD7Ct1lU0A1YdYhMPLXvayToxoqUxUjhhTyiAeViZtlV/cpBVv&#13;
2VDo1F8s3kHco4O4Des9sQqHJ554Ioi1W9MSq4tukD/VgdVplVVWCX//+98Dz4qFWGWnTvZspzD5&#13;
g5hd0qI72oRYzRVTYmGbF3kRx0s64nZf/vKXhxVXXFHjd4nz5aIssU5rDLG4godmvZp58XcvfYXn&#13;
wBG9IDNtjP5A3DKyNMszLOgjveqX8rhKMXoh9cjfpXovrdfI3Kf9VqInniqRq7QtNqUoxYp4a3TI&#13;
D/Fc9Dt+GCMYQ77//e9reyXu7c477ywaJ3J9P+0ntGH6fWkfYTyi/SDnf/7zH5WJNkUbBMO3ve1t&#13;
I9pdEwvDuVt7JR6/dOyl73GV4Nw2JjNmfuYznykaZ7Sw//tVUiZJa8bF0nbQlKP5d6pfxvvSPtDM&#13;
h79zedk4UtpeSvpVTZseTYd/+ctfsnMu+qWdlOqrXx2kOPp3R8ARcAQGhUAuxnKoxJJBnAmZxT/k&#13;
gsNx0gXxoCpXko9YEZW0vfa1rw377ruvEhQWu0ZuOHRHLJkqI4f0zD777MGIJel//vOfK2niU+Ik&#13;
O8+xgIaMrbzyykF2VcN5550XfvWrX1URS3GDDWINDV/5yleC7OzrgrxZp5/97Gfhm9/8Zth88821&#13;
DizY7WJjQNxqlfTyrFhZA2Tx+OOPV8whFpBjifsMEtOppAgCAkmGgJx77rmByVTc3MKrX/3qIC7C&#13;
SnI5qOOUU05RAmoYUdctttgigCHknAOKHnnkkXDaaaeFM888U8kL5UncphIYCAUkfamlllKSnVtc&#13;
Wj2an5B36sVC9pJLLlGSIm7CWh4kHAJ58sknK97UhQOVxEUv7LrrrrohUCMT5VLXk046KVCGxKWq&#13;
/GCz6aabhg9/+MOBg5W4bDEv8bZB3KKV1LIQhvSxuKF8iBR6THVgddpwww3D7373u8DBOMjJ5oO4&#13;
Q+vmDsQR/Og7Z511lhI8CD5kFbnoP+utt562AQ5R4WJxxUL/2muv7RwsJdZwPWBF4uECBJkyWNB9&#13;
4hOf0Lb13e9+Nyy88ML6fO5XL30F+SCktFVwpEzkoI+ts846QdyzVX+0JcOiV/0icw1GuTpyr0Tv&#13;
NfVqK4f7pXoibYlcpW2xtj1R3x/96Efh7LPP1n6AHml/LIgldCCwKWHEknFRvDWKxolc36cdNPsJ&#13;
/YZ+X9JHkJM+i5yMS7Qr2fMNq622mo5nHA7GRh0bNrmrVK+M96VjL+NAab9tG5PBdH8ZW9nA6jbO&#13;
1Oq2ZlysaQc5fLmX6pcxqmSsyuWX5kXdbRwpaS/kWdKvatr0aDo84ogjsnMum8xsrDJWdhvbB6GD&#13;
HJZ+zxFwBByBQSCQI5ZDjbGUhVTccccd4/LLLx/XX3/9KBa/KNadcbP3yuIj4o5FzKScmKrxjcRt&#13;
iAUu3nHHHSNcY01Ic4WVSSLKJBKFbMRf/OIXUXbKLUkU62SU3fwoC5C4zTbbqDttzhX2C1/4QvaA&#13;
pBtuuEEPtJEFeBRCOiJvK0R25KOQs7jWWmtF3GCaF0GzyGXP5tyo0AOxpRxWJAu8uPvuu0fqzoE9&#13;
YkVVN1yxykbiQYnz/MhHPpKNhcRlWEil6hPXJC4hEpqvNLD41a9+NQoZjd/4xjeikAmNR/zyl78c&#13;
ZUGjaXPucPqP5Bd1IC4VF2EhpioX+MsGhcaDgoMQzCgEKX7rW9/Se0KUokzYqscamWinyC4kOMrC&#13;
NsqEr3G3Yv2NHLBE+5BNB5XQsOUAJv7+wQ9+oLGpspiNQnbjcccdp+7Nlq4Zi2l1kgV63GGHHaJs&#13;
Wqj8uBLgBs13sbpoObITHoWoxuWWW05lwgX72GOPjbIZoFgLke/0JSGL6oLNAVxCtlUG2iHtXBZe&#13;
Hexp45Qr1vWuh6/00ldo88grGyzqVo2MxDALEY7EJ9O2HnvssQ6O/eiXTGow0kKTX6V6r6lXUsSI&#13;
r6V6KpXL2li3togQNVj95je/0UPFGCOJPxdPCo0Jp38QpN+MsWzrz7lxIpfW6mD9pKaPyOaMzi14&#13;
3TAGICdjjVj/tT+JtTKKB8UIHTS/lOq1ZuytwbltTCbO3XAZtG5rxsWadtDEtfm31cP0W9oHmnnY&#13;
32le3K9pL6X9KtdOKSvXpkfTYdv/LrzwwuKxfRA6QHa/HAFHwBEYBgI5V9ihEksWuiyYhRXrT44U&#13;
DaOio+XJSaliVVLCwoE5Yl2KkAIOzoEUcTiPneZKPk1i+cc//lEXyJwOK+6enWL4zqJLLEJKpMk3&#13;
RyxlVzXKbm3kpFl+IHYQMHHNjWKBjBtssEEUF9TsoTbEY4rlTGMhOWzHZEQOFvIspniWKzcBM8kh&#13;
F4cWUUdiSFnAyI5ozMVY1kyuLOpYhIqltkOKxZoUxZIQORCJhaiR0LZ8VfDGL6vDBz/4Qa0XcnJa&#13;
L3mJG5F+iiuRxqnyPw5BEqui4srmRY1MtFNIN7oxYof86IeDlTgxl1hYLpMLnckrXRQ/dIM+Ifcf&#13;
+9jH9ORgS2cLquaznD5MDCzPcbFRAU4QexYvXGKN0vrQJo2Ucx/izAEqLKbZYCAPCLC4NY84WIrF&#13;
MO0c4oueucAPzNC/EWX9R8uvmr6CDqx9goXhRdbiIq4nMEOoxdVY27fh06t+ybcUI9LmrhK9g11N&#13;
vXLlcK9GTyVyga9h2K0tUn4NVowRxIuLJbETT06/YAOL8XzYxFKsfnpCd7c+gl4Yv9nQo21z0feJ&#13;
FZfXLOlham3Esqa9MtZaG+g29tbgPNqYPCzd1oyLNe1Awc/8snowDooLbvFYlcmq0957HVNL+1Xb&#13;
HNVGLNvm1Tb9cqoyc1W3sR0MBqGDHJZ+zxFwBByBQSAw5sQSqxdWOCOWWJ8k7mwQdekrDyw3WE+x&#13;
5jCJQCw5vAaLk7iaRolX7BCkJrHEioMVjleE2AIZYgepxKrG3zaZ5IiluC5GcTVVYgA5wPLHjjQH&#13;
A0Fsm+XmKog1CgLUtACK25WSkoMOOqhDQJqTuZEXk+v444/vWLqsjH6JJQQE6wGLXRZ24MvOPRY2&#13;
5H33u9/dsbK2Tdomi31aHVJ5eVUMi1ssKUYCeQZLIRYwFk7cL5UJArm6nATMK2d4vQbf7RIXW7UC&#13;
Y1E2ImZyQZ6a1ndIJlY5LPOQaEuXWwShx+ZrXUhPezCcyJfX1mBxxOon7mNR4sD0h113NhFYfHOf&#13;
RS8bFhBTrNBYbUgDBlNlo4HX41gbsHrVfJb2FcqB3Ep8m+q/WQaLeKzkyHyh7NazwDR8etVvDUaU&#13;
n16lekc3pfWChIprm1rJIDT2Q33RQYmeSuWiPRqG3dpiDVZsODEe2cZFEzfaMoRzLIhltz7CK5Le&#13;
8IY36HgM5s2LOYb+xCndbcSytr2WjL01ONMmRxuTh6FbyiwdF9nMqmkHTfybf1s9jFiW9IHm882/&#13;
m3nZmGb3urWXmn7VNkeNRizTcQy5c/qtaSO1fbGJlf/tCDgCjsBYIDDmxJIFDxO8xEIowcTlsmnp&#13;
G4tKj1YGCz4WIbg64rLHzr/E5cT3v//9neP0m8QSNz453EfJkrmd8okbrMQXKhm1ySRHLCGwvMsN&#13;
l05+Dj744IiLLeQBEmBWyDaZWUDhaoiLJAsmJks5ECi+8pWvVKuQPW+TbZPUmFzUlXo3r36JJeWy&#13;
kw+pw6oBSWYBweKUjQXqLQd8aJFtk3ZTHv62OuAK1JSXV8RgjYBANckZ3yGxX//619VCVyoTmwW4&#13;
GOMKmy5QU5macqU4QqohIJBU6mryN3Vg95ptgzztWcNJ4pKVpNIW2cjYZJNNRvywOSFxb1FiY5Xw&#13;
0gbp3GyMsBgEezn8I0r8mRJL2km/V7e+wkYC/QACCSFPL3bn0ZuRIMOiV/3WYpTKU6r3mnpJbKBu&#13;
MNH+mz/WV0v0VCoX9TEMu7XFGqwk1lqtgIwXqR7ZrKCNb7zxxp3xsa0/5xbhubRWB+sn9r1bHzG9&#13;
kB6S2LwgHWz+jeYKa8+XtteSsbcGZzYGRhuTDYdB6pYyS8dFCCjW4NJ20MS/+bfVw/Rb0geazzf/&#13;
TvPif3avW3up6Ve5dkpZuTY9mg5z/6tpI7V9ERn9cgQcAUdgLBEYc2LJQCwnokbiKrCyYXVpkoSx&#13;
rDyLawgUC1tzDUzLZzLlXZNYimwiTIklViIW9izcmaxwfcIV1SyYNpk0Jzp7j2VbjGUqx2jfKQ/r&#13;
KgsOSDELKKxkTVJkk63VgfxMLl6zklpwRiOWYNIkJliwmpY58sYVTQ5hUasfL1DH1ROCiUsaVkQj&#13;
TKRtm7T5X/OyOvBOUdud5v9GLH/84x933N+4DzlvEstSmcCNzQ/iAM1dl/zaLpNLDkIaIRckl0W3&#13;
1dXSNXVg97o9i6sqbYz80BuWyNwPrwShP4HPhWIJZKNiG4mtxH0Xkkl8qBwCko3rbasf93vpK2ws&#13;
YM0yV+A0f1y+6Vds4DTdOHvVby1GqTylesf1uLReeA/IIV5qKcNaZj9mCS/RU6lc1GcY7Ql9sEGA&#13;
u15K2CAmbMLkiGXJOJHr+1YH6yf2vVsfkQO9dEON9KmctF824EYjljV6pb1ydRt7a9vkaGNyKQ61&#13;
ZZaOi0a8S9uBApT5ZfUw/Zb0gUw2eivNi5t2r1t7qelX1k5L2vRoOsz9r0ZftX2xDTe/7wg4Ao7A&#13;
sBAYc2JJRZjkWbA3D7sZVgVHyxc5WHSz2GbSbJKV5nMcboLLnhHDlFhSDzvohR1F4sbkVS0dS6xN&#13;
JvY8eQ+SWGLh4QCb/fbbT+PnIJnE0dmhKJRnk61N5twzuXCTLCGWlh6smukhpiw8zeUTKwbxlSy+&#13;
seZCcIg1RR5ipCBIWFh7tVg260A9SoglsYelMuGahJUPd2ZIc/OibsRXYhkkHVcOW+7XEMu0Tumz&#13;
WPUhlRBEObJe42Fxi7If2h2LDtzVeFZet6Cy8zcuuXLyoVqPcbOmfbAZ0tQh8o529dJXkCHdcGiW&#13;
gbcCcUW4oBMP14ZjiX7ZGKrBiPqkV6neiUktrddU8TrAJZzDvJo/yFuqJ/pNaXtsw7Cf9nT//fcr&#13;
eeSQqHSjxRbnTVfY0nEC/G3Bzgaj6SStQ/rd9JbWiY089EJceionh4/R9tnwa3OFNcuRjWNWjn2m&#13;
7ZX73cbe2jZp2OXG5FIcasqkHZaOi1ir2UQobQeGW/rZrAcEvZ+xqpmXzd+5e8iQtpfS/k4600u3&#13;
uY9yLG1Oh7n/1eirti8ij1+OgCPgCIwlAuNCLMeygt3KIg6ROEcO24H82ORkz3GPODfIEAt6Fj8p&#13;
sSQtljhi2lh8cBIph9QYcbbJZFjEEjIBUcOyikKZ/NlZbRKH3GRrcuUmQHaxISAHHnhgJ04TsgwR&#13;
4IRUOxgDPIhtxPJkFj4wAy8sp834WeThxFYsZxAkW+DlFpeGf/MzVwf+X0I8WBDUyITrM3qEFDQt&#13;
6vIaBbXC7rXXXmqdpvw2udKFTC5d7h55ps/SLsGXDQQORMJSZBekmXywmOMRwGIfjwD01XRdJA+s&#13;
yPJ6kmi7+eiPvPixhb3lm37W9hUWjVirWexjTWriiMy0VzCm/SFbGxYl+mWBXINRW11L9I7sNfVK&#13;
cbTvkJ9SPZXIhbdEG4b9tCf6Le7XEDM2L8y9nnrgWs0BVU1iWTpO8Hyu76d1SL/zHFdaJ77TR/A2&#13;
4GRr6yPIy0Yb485oMZY8X6vXbmNvbZscbUwuxaGmTCznpeNibTt4QUvT/m7Wg83F0j4wbU75sbeZ&#13;
P1jYlbYX7pf2q5o2PZoOc/+r0VcvOqgZ4w0r/3QEHAFHoFcEJj2xxHUQVzVIITFQ3/ve9zQ2EmJ4&#13;
vBxqw2FDLH6ZWNhZ5MoRSyMupOVVKliJbPFqk8mwiCUy4d5IXCWH2BAjxM5m88pNtiZXjliyMIPE&#13;
sFAjVpH8wINFJDv6vOoCV0d5t52SWU6wtZ1+Ft4cysTzHKCDlZIyTjzxRCXAnJiHW5pZA3OLy6bs&#13;
9neuDvyvhHggQ41MEGussMQychImRJ2YWawh1AtyzUKFq02udCGTS5e7R57ps9yjTKzAyIDbL1Ye&#13;
rMGcfsuimVhdDjDhh1hWNgbAhjg/rMq4N3MAUPOgKYgo7rLyTj61flJO29VLX8HtHTk43Rb8sPZB&#13;
Mm0DBtkhRFxtWJToF2LJVYqRJs78KtV7Tb0yxeitGj2VytWGYT/tCWF5XRCEbeutt1ZrPYdXcXIx&#13;
nhp2IjNWQS5CC0rGCdLm+n5ah/Q7z3Hl6oT7O3ISU8wJzrgi88oeec9mlHcQj2qxJM9e9Npt7K1p&#13;
k6ONyTU4lJZZO1bXtAPwzF3NejCnlo5V3fIyEtnM3+79f+ydCdy21bT/V73CkVI4qFCHTslQQimi&#13;
EJ9OKA1Cg8yZKqEiQ5OxpEE0GEKkojJlOKiIRJxjluoUonMow3Hk6OC//+u7su6uZ7ev+977Hp73&#13;
eZ9nXZ/P+97Pfd3XtYffXnvt9dtr7b15tyQvtf2qRaaHtWHfb7XtRT1a24DJRSa+2WsAnRNXIBAI&#13;
BAKzRGDJE0tmAFmbyNbxzMhjlBDKShgkOwzi/cMIZh2Ez9SXiCUePEKKONMNEurGMo3ng8ksiSXE&#13;
Fs/QKqusYgTCPYouPKXB1stVIpaQPurDekiICGF8eCIhrZBnjrNAePA6sSsrs94Yc3hhwAmywg63&#13;
EEg2QMKjAUllnSVeA0gwxin4l4xLL3f3s1QHfq8hHrRHS5kIP2Qwpu4Ypawho86EJLJFPYTMJw76&#13;
ypUbMqXnSveoU/4u9wjDpa6+VgzSu7VugkS7U77uUQyQSLwvyDSGG2QUucZTDNn3MGnagA05IJxd&#13;
7zL55dc4fYW1bmxKBakHRzwETORssskmdvSJH89CXn1Y1LSvE8sWjPL68b223VvqVcrH79W2U225&#13;
+jCcVJ7wPnOeK3qRI6J22WUXkz3WzxLx0fVY4oWq0RNgUOr7eR3y745dqU54EImgYCdi1lPSB9g8&#13;
Cx1OVEU3BN/T6X6O066jdG+LTA7TyS041ObZqqtb5KCLa/fvvB61faCbhv+dp8X90j3ul+Sltl+1&#13;
yPSwNuz7rba9qEdrG/gaTsauUTqe9OMKBAKBQGASBErEciUMUfVyiBIkUY+CqOGgp4Ms7ks9UsI/&#13;
JUaiM3yipEF04xdRDxHnetrfupOtgaDr4QR81GARNchFyaTdV4+MqHEvSshEDenBfd31TtSAFyWv&#13;
lh7pKJkT9TaJejdFj4oQnfWfCGAN+xIlDKIGtqjnVdRjICuttNIgTQ3htPqpx0HUO2u/ebnUK2v1&#13;
6z5P/XVdnqjRJDr4ipJDq6uGTlm5de2Y1U9JjainUkhLw2RFyaPoelRRD6doyKbooCY6EIru/ikb&#13;
bLCBqFEqGoZp9/fYYw9RkmrvapixqJEpSmTnlHtQAf2jVAd+17NERc9FtHLoOkTR3VHtNdKkDEqm&#13;
RMmYqNFZXSbaCCx1DZW1qc6si+5mKzrZYO2rXjhxeegrlxptomtpDQ8lflZGZKzbBrXvgi2XGiCi&#13;
3mTDDzmlrupBFSWYc2QOeVDPoCCrPEfbgi3yqsa2qNfY0uM39fKIenNEz0cT9Xjb/WH/tfQV0tFZ&#13;
csNR11KJEnxR76oombUy6wSDLFu2zLLrw6K2fakDVy1G9nDhv9p2r61XIYvBrdp24oWacvVhmMti&#13;
qzyRP7KiUQpCv6Iv0Xd1wkJ0vbHQHzTM2mSdZ3kG/TZKT6hH0Z7t9v28DqSf9xvyKNWJe2CKPtA1&#13;
k6ITbNY/dCLDdJOupxf1SlrZSaN0tbbrKN1LHrUyOUwn57i4vi7h0JJni65G57XIQQnfvB4aIl+l&#13;
q2rSApM8/VE41fQr8q6V6WFtOOy3WhmhLC1twNilXk7RSWezQXRncZKIKxAIBAKBmSCgkUyijjTZ&#13;
f//9RR0xZv8vSWLp6CpLN6OJT4xsN3r996X2idHCP4ivEykwwLCEUOt6vV4iyHOQSow7sHQCzv3l&#13;
ebWWifpjfEAsR9V3vuql3kNrA4ilhiHPaZtuGTQUzIxajCvIxDTlubWvgCPGE+XAyJn1VYtRXzlq&#13;
230a9Wppp9py9dWrdL8FK4gAfXqY3HketXrCn5/0U3cYNn2lZw/bYObpQU7Viyq68YzounGb3PDf&#13;
+j6n0a552i045++O+702z1a92CIHNWVv6QM16bU+U9uvZi3Tte1F/abdBq2YxfOBQCAQCOQIBLHM&#13;
EYnvgUAgEAgEAiskAnvttZdFk2joq2jotXnmdR2h6PIF0TXJouvMzLPKBFFcgUAgEAgEAoFAIDBd&#13;
BIJYThfPSC0QCAQCgUBgOSFA+L6ujbZQfF0vb8RS10Pbd5Yi6JrQoeH2y6nYkW0gEAgEAoFAILAo&#13;
EAhiuSiaMSoRCAQCgUAgQDgjaztZl6u71Arh2qwpZy04679Z3+tr7gKtQCAQCAQCgUAgEJguAkEs&#13;
p4tnpBYIBAKBQCCwnBHQHUDld7/7nRFLNq3yjZ2Wc7Ei+0AgEAgEAoFAYFEjEMRyUTdvVC4QCAQC&#13;
gUAgEAgEAoFAIBAIBAKB2SMQxHL2GEcOgUAgEAgEAoFAIBAIBAKBQCAQCCxqBIJYLurmjcoFAoFA&#13;
IBAIBAKBQCAQCAQCgUAgMHsEgljOHuPIIRAIBAKBQCAQCAQCgUAgEAgEAoFFjUAQy0XdvFG5QCAQ&#13;
CAQCgUAgEAgEAoFAIBAIBGaPQBDL2WMcOQQCgUAgEAgEAoFAIBAIBAKBQCCwqBEIYrmomzcqFwgE&#13;
AoFAIBAIBAKBQCAQCAQCgcDsEQhiOXuMI4dAIBAIBAKBQCAQCAQCgUAgEAgEFjUCQSwXdfNG5QKB&#13;
QCAQCAQCgUAgEAgEAoFAIBCYPQJBLGePceQQCAQCgUAgEAgEAoFAIBAIBAKBwKJGIIjlom7eqFwg&#13;
EAgEAoFAIBAIBAKBQCAQCAQCs0cgiOXsMY4cAoFAIBAIBAKBQCAQCAu/jlgAAEAASURBVAQCgUAg&#13;
EFjUCASxXNTNG5ULBAKBQCAQCAQCgUAgEAgEAoFAYPYILHlieeONN8oXvvAFud3tbiePfvSjZdVV&#13;
V5096pU5/OpXv5Kvf/3rcvXVV8vKK68sO++8s9zmNreRb37zm4N7973vfeWPf/yjPOEJT5A73/nO&#13;
stJKK1WmLnLZZZfJf/zHf8jjH//45nerM+k8+P/+3/+T//3f/5V/+Id/sPp0fir++dvf/la+853v&#13;
WF1/97vfySqrrCJ3uctd5KEPfaj88z//s33vvnjVVVfJv//7v8uf//zn7m177va3v73c/e53l/vf&#13;
//6y+uqrD3C65ppr5Nvf/rb80z/9kzzwgQ80OZjzsn6hzJ///OctnW222WZByUhe1qX4vdRP7nnP&#13;
e1bJ2DTx+tOf/iT/+q//KmuuuaZsvvnmJufTTH8hpjVJnYfp3nHatEVfjKMrwH8x6otWvTyJHJby&#13;
mu9xaJLy17w7aX1KGNXk2/pMKZ9Jy95ahmk+P99ln0T3Ue9LL73U9Mm//Mu/yBprrDFNKHrTGkev&#13;
9ia2yH5oGT+o+jhjyGIcP0piUCKW8rjHPS6pEZ9e9apXJQU7LebrF7/4RVKykHbZZZd03XXXLZiq&#13;
/t///V96wxvekDbddNOkpCdtsskmSRVnOvzww+fce8YznpEe9KAHpe9+97vpb3/7W1P5DzvssLTx&#13;
xhuP9W5TRvowcvT+978/ffGLX0yqkEe+/q1vfSsdfPDBScl+UjJo/+51r3slJZTpqU99avrQhz6U&#13;
/ud//mdOOmeddVZSgz6tv/76c/7d7373Sw9+8IOTku/0ile8Iv3gBz9If/nLX+zdj3/84+nhD394&#13;
evOb35yUvM5Jz7/8+te/To95zGPSk5/85PTLX/7Sb8fnAkCg1E90MiL99a9/nffS/dd//ZfJyYte&#13;
9KKEzCyFa5I69+necdq0VV+Moytoz8WmL1r18iQy3ZfXfI5Dk5S/9t1J6tOHUW3etc/15TNJ2Wvz&#13;
ntVz8132SXQfGLz61a822+0nP/lJUpI/K1gG6Y6jVwcvL/I/WscP4BhnDFls40efWGBr3/a2t00H&#13;
Hnhg+s1vfmOPLSli+dOf/tSIG4Tk5z//eR9O834fkqsetKQeSSOY73vf+9IPf/jDW9075phj0l57&#13;
7ZWuvPLKZmL5nve8Z+x3WwH56le/auT4bW97W/rv//7voa//27/9W3ra056W1MOYdt1113TUUUcl&#13;
6n/00Uen5z//+dZekGk6tno9Bmmdeuqp6R//8R+NjDIpwkDDv0MPPTQddNBB6RGPeERSj3R69rOf&#13;
nf7zP//T3jv99NPT3e52NyOc3gEGCf79D9riPve5j5X/Zz/7Wf5zfF+OCJT6CUbT8rggSsjJU57y&#13;
lIF8LY9yzGeek9S5T/e2tuk4+mIcXQGui01ftOjlSeWqL6/5HIcmrUPN+5PUpw+jmnxbnunL5yUv&#13;
eUm64x3vmDQqarlMzrXUIX92vss+ie6j7M95znPMHvne9743L8SyVa/m+C7W7+OMH2Axzhiy2MaP&#13;
PpkIYrlAiSXCfu973zs9/elPT8yMcZXuoSx+9KMfVXkBcyGY5N08rVHfP/axj6V73OMe6S1vectQ&#13;
YvmHP/whPfe5z7XBDcJMnZlp48IjC/k/8cQTLa2tttoqaSjvQCl7R3/Na15jsyTMAvIP75WGCycN&#13;
U7QZwjvd6U7poosusnSXSkcf1T4r6u+lPrG86jKpobG8yj1JvpPUuY9YtrTpuPpiHF0BTotNX9Tq&#13;
5UlkxN/ty2s+xyEvyyw/J6lPH0bTLm9fPvNNzqZZr/ku+yS6j3rPN7Fs0avTbJeFnNa44wd1GmcM&#13;
WWzjR1/blojlSoTCfuUrXxENGxT19NiaoVIc7WK4px4o0TBHUU+XqLIVDbe0amknFCV08qhHPUou&#13;
v/xyUY+gqKfNnttyyy1FSZIsW7ZsAAG/s75PQ+CE9XzqBZPNNtvM1vWxPpKLNQDXXnstHmFRcjN4&#13;
lzWBF1xwgay22mrysIc9zNb8XXzxxaLeSNEwTdEwXVuvxXrI4447bnDvIQ95iK0n1IFMWPvH2i5f&#13;
Y8n6CQ2xsDhwVYCibmnZYIMNbH3iHe5wB8ubOqpxd6t3NVTU6kxddPbS1h9SLtZGdq9ajHhOvYui&#13;
HVG23357Ww/KuoK73vWut1oHBw7qUbS1lEogDUPWVnYvDYGV/fbbTzQsVdQDKg94wAOsLd797neL&#13;
kkrZZ5995OUvf3lRbtXjKR/5yEfsvT333FM0NMHkXEmsHHLIIbbWtJsXf6t3U5TEWvt88pOfFCX8&#13;
+SOD76zXBDcNMbZ2VC+orQcFP+SiFtsaeSJT2llnPK29yAsZWnfddQ03b2cvXK380c7D6oEsjZIt&#13;
z3Pa9fV0+dRZd8n7CX2CdbSUsRabYXWlzUoX627RC/xjrQ0ywT/km7Y/6aSTTEf4uzU4eH965CMf&#13;
afiCsU6qWLroHPoiba0TScKaY3QW68LzfsQ71EknYeSGG24wLFibjAyus846A73l+dXquNo6oydp&#13;
G/ot/SaXQ8ekpHtHtam/65/j6guNgGjWFeCvIfhT1Rc1epq61soyz9a26yi93CKzo2RoWF6so8/H&#13;
odr61tYVXIZdNXVlvKFfoR/po125/trXvmb2gi5ZEY2YEMbcfEwepdOHYcTYP8q+GFa/7m/D8mFc&#13;
/cAHPiC6ZMVeocyshV5rrbXMdsjtHh6qwa6bf/fvUZj4szX95KUvfenMyl6r+1rGWJ1AN7uIfTTY&#13;
38FtN+pcg2nLuDVMr7JvR40NMSq/mjby9qypH8/Wyoeny6cuC7N9OdiLozve8Rv7kXz5y1+2Na38&#13;
fskll6ww9uY4WFDn5XGV1ljOlFgifGxGg3FEo2ME5oRlPoEoGTfkr+sbBXK9ww47yJe+9CW5/vrr&#13;
5fe//71tnqMhlWZcsOELpBFFjSHJAIlBy6VeMtvAQ9dbGaGj877uda+Tz372s3LGGWcY2XBFAiHY&#13;
Y489hI14NHRTTjnlFMvzG9/4hhmnEELy0dkVywvlzj0NE7WOh3F12mmnGZZOYtlEBCMIUqSePhvs&#13;
ILuQVF2XaRvYUMdPfOITg3cp96c+9SlTdgyiEGfepX2e+MQnCkQM8upXLUYQPsqC0tVQQVlvvfXk&#13;
rW99q5W3S85JV9dVysknn2zEcP/99+9d1I6SAw8UMkYz9a4hlpDWs88+W970pjeJzhha/ZlAmRax&#13;
1DWwQrvpmk4bnCGZO+64oxmxDCAQ7FHY1soTbUN65557rrUzMobcYfBst912VifIh8tZrfzxTl89&#13;
SIPyjZIt+nmtLNXW1+XOP5E/+ma3n9AnNIzaMKjFZlhdIW35Be4f/OAH5dOf/rT1K3BHjiFu9F3I&#13;
lBPLFhy8P0FOIczoBfov7cGECGX58Ic/LEwkIVfoGg27tUkWNu7iQkedeeaZwgQIBI9+gaELyWOi&#13;
62Uve5lsuOGGpsc8vxod11JnBsAXv/jFNsnB5NDaa6+dQ2jfS7p3WJsyaZJf4+qL9773vSOJZa4r&#13;
yH/axLJGT7f289p27dPLuiZdPvOZz1TpqknzYvzX9e1zxiGdBa/Wa7X5+7iYy09L/4QsMvnIhA06&#13;
g8ke+iC2zGtf+1rb5O2Nb3yj9b3zzz9/MK6Sd42OQyZL4yQTz0zKjrIv8rr1fUdHlfKhLRhzIZb7&#13;
7ruv/PjHP7YJLCbYmVRh8gDiycQldWrBrlSWGkzQrVw1/cSJ5bTL3qL7WsbYErFswbRl3OrTq9iD&#13;
2KQ1NsSo/GraqKV+LfLRlS/qcuyxx8ruu+9uNmt33MCm16VRZpNh/9FfVwR7c1wsurjM598lYjnT&#13;
NZYKUHrBC16Q1LOQnvSkJ6Vzzjlnzjq5PtfqrO7rTGlxjSVhFWrQJTUW0/Oe97z0jne8w0IwcfES&#13;
Ssl33OhcakQlNpZhXZ8afrYecO+9905KeGx9pBp79lxf6AOhrqylBA/CaC688ELbpEeNRdtwRo3U&#13;
pIZsev3rX5+695SoWdlU6c9ZEwHG2rBJDcmkBMrWIh5//PFJZ2gSG9koEU033XRTykNHlKwlHTxs&#13;
cyDeUwKWdLBLSoySEtmkBuuctqrFiPUa6kE03Fg7SQgBaxxVYRsu3f/Uk2mLflnkrANq96eRf3to&#13;
gg7yxU2nvv/971sorBKvpAO/pT/t0ARkm7Wh4EVI7wEHHJBYc0Ob1mJbK08XaTgvmzux+RAhxrSP&#13;
Gg1JJwFMpsGju8FRrfwBdF89yLNGtlpkqba+uQCU+gl9Arlpwaavrn1rgXUXadsMSndTTvQr9YDb&#13;
Wl76mxqac9ZYtuDg/Yn1w0oArZ/oYJ50As7W92677ba2xphQcI1csHtK2pJOWAw2o9JB1WSPNmJN&#13;
sk5ipbe//e1JJxosvFwH0uT6yPOr0XEtdVbCaHpJjdShmxiVdO+wNs3bn+/j6otxdAX5TVNf1Orp&#13;
FlmmjLXt2qeX6UO1umrSvBgDSKM7hrXUtzZ/cCldLf2TsqJfWdKx2267JeQcHaGExsZ6H3fy+pBv&#13;
jY7ra48XvvCFVfZFqX6le335dNuCDfCohxrdiX0Rtt5666QTW2bbsKyEqwW7UjlqMOG92n7iuE+7&#13;
7C26r2WMLT3bgmnLuNWnV3W3+2obYlh+tW3UUr9a+chlS6OIkk6eJsZLwpW7F5vJsKeG23/jjh+k&#13;
Oc4YMu74MS4W3brP59+lUNiZEkvIF8RM2bP9KzX+fAJQMm7I35WUeulsDaPvMgnh0bAQ21wGQsh9&#13;
CBu7leoM32C9H8Kts3ummN1ALSkS8sqJJfc0tCbpkQmWhoazcat4z8vJYOFlBGPIDYTUya/OFBnB&#13;
YQMbdmdlcMjfZYDUozjMIHXjk3wxXNmUhBDpbkf190dhRBp9azr4rXthnOssZWKXrhLx7D6b/+0d&#13;
XT0wVnedeU38g9hhXLObrM5e2e6u11xzjbXVuB09z9u/o3zZIIi1scgDO83S/uwUWoNtrTyBDTsC&#13;
Y+RQRx/sKQeyw8ZPEAbdEnsgky3y11cPNkGqka1aWaqtr+Obf5b6SSs2fXXtkz/alokk9fYnDZGy&#13;
ItHPGLTQbd3Ne2pxIBHvTxityCf5kz7paUiufWoIkfVzfqMtkCna3zexgnBCeDEYfGKGvq/eVdNb&#13;
pMXkVTe/mv7bUmfKTDmRfyaw+q4+3Vtq0740xtUX4+gKyjBNfVGjp9Edrf3c5aimXUt6eRyZHTcv&#13;
MPXyMoaxnr6lvv5uTf7klV8tdeVdNgZjAzl0IBM8/GOc1iiDxJhPv/Qy+ZjcouPy9mh5N6/bsO95&#13;
Pv6sl52xkv0LqA9lQMdgkENyNXrLHm/FzvPgs6VeNf2ka89Mu+wtuq9ljC0924Jp67iV61XatqWv&#13;
Dcuvto1q69ciH125ctnyemkI8GDSFTuaSXiNNLDxlWfHHT94d5wxZJzxYxIsKOfyuOadWD7rWc9K&#13;
eIycWDI7j4GxvK4+48YVLB7I7vEYGGWQrMc+9rFGsmh0iAxkE+8U3gtmbzA0MQ5RwjzDVVIk3J8m&#13;
scSI3EaPT9F1h+mKK64YkAry0fA5m6nBc5d7LPFscfQIXlY8XxzZwG5l/KM+dEZmlbmPQuKqxYhn&#13;
+wYyfuteHC/CUTeTEEsN100abmvtRFvhDWYWU0N9bEdYjbEfGN0tHZ0jS5ilHna58j3ttNMGxj5G&#13;
fy22HINSI0/IFZMZutbnVmWifXwDpAvVU+qbH7XIX6ketbLFpMS069uHeT5Y8lwrNqW69uVH3ZCj&#13;
fJKF5zEkIZxOLFvanTbz/tSVHdLV8DsjrHhHfaKI++yUTFQFZNLvc+yQhgfbRAP5I6/MEhN5gDHs&#13;
eov3Pb9ROq6lzqRbe/Xp3lKb9qU5rr5wo6BFV1CGaemL2r7EeNPaz2vblfrkenlcmR0lQ6W8uMfl&#13;
5aX/6Dl7TfX1d2vyvzm3W/5vrau/yRjIeEi0CGML7eMeEJ7xMnWJZY1O5928PVrsC96vvfJ8/D0v&#13;
e3eyit8gmRx75lFV42Ln+dTWq7afdO2ZaZadieFafU/dWsbY/NlWTFvGLcqW69VpjZO1bTSfdgH6&#13;
gPGuG6GjS3PMTj/yyCMHUTvjjh/gOc4YMs74UdtXKNNCueadWNLpMfY1Rt8IJiGS7pFbHqD0GTeu&#13;
YAnL8TMPKR8zYwwkhIboRjxWZAYVgCRUBCXEIPLKV77Szlqk89LxuHJFYjf1v2kSS12XZWEAhMLp&#13;
Wj7PovjpdWQAxLPFwKEH9VrY3M4775y6/yBqeBI/97nPDbwQ/n4NRn0DWV4wCBEeP0L63BuUP8N3&#13;
2sQJrv/uHZ224Ywowgj5xxmV73znO40wQ/a77QmJRgERttcnh7om2LBhdquWWBJu7ITO36/Ftkae&#13;
IAvsGgxeTBjkF2GQhE13B9kW+fNBq1uPWtmaRX3z+vn3fLDkfis2pbp6+vknxE3XGFmocI475A7d&#13;
sNNOO1modysO3p8IvXLZIX9dj2xtyaRVd5KL78guRw55VASyzSwtZBMPKkfroI8gwkzodfWW5zeq&#13;
/7bUOcdr2Pc+3Vtq0750xtUX4+gKyjAtfVHbl1plmTLWtivP5np5XJkdJUOlvLjH5eVlHCIMt0Wv&#13;
+bs1+d+c2y3/t9b1ljdTOuGEE2wSlglyIgdoT7+8TE4suV+j03kub4+Wd3m29irlw7te9q7e577b&#13;
PUxaY/dMgh3pcdVgUttPSG8WZUcea/U9ZWgZY/NnWzFtGbcoW65XW3VLX361bdRavxr5oF6lC9uX&#13;
iR9C+jlJABtcN3W06AJwcBtw3PGDPMcZQ8YdPybBooTPrO/NO7GEROmmAbbmgNkEPGJdI2rWFc7T&#13;
7zNuXEnpxiADjyPvYtjlxJIZBTxDEBjWVhJuCslkPaNuxjNY7+eKBEPNySZpQla6s4Hcy5VA3z0v&#13;
pw9idCiIO+vsPOSNd0tX913OyIQ8UjcUCN7X0j/dmW7QXv5+DUZ9A1leLoxkCBHGtBvL+TN8x+vI&#13;
2g9w8pA/7+i+1qX0Xn7PQwRpm5wo+LOugBlUu6HA/nv305Vv1+NKSGALtjXyRHgy3rFuaFK3HIT+&#13;
4n1mTZCHybbIX6ketbI1i/p269b9u9RPWrEp1bWbR/dvlwVCm5k06l7MmrO2w4llKw7eny699NI5&#13;
OseJ5Uc/+tE5ky0+SHWJ5XnnnWdheUQs6G7XiRBBCCZrcPFulojlqP7bUucuHqP+7tO9pTbtS2tc&#13;
fTGOrqAM09IXtX2pVZYpo8vRqHbl2Vwvjyuz4+RF/lxeXsYwJkVa9Jq/W5P/zbnd8n9rXf1Nxm6X&#13;
O4gl42R3UtLL5GMy79XodJ7L26PlXZ6tvUr58K6XfRSe42LXLV8NJrX9ZFZlRxcz0VGj7ylDyxjr&#13;
z2IDI1OtmLaMW5Qt16utuqUvv9o2aq1fjXxQr76LsFuWCjFJwlhDxBked8rrl/fjhW5vToqF13e+&#13;
PuedWFIxOhGkxwnBfFW2lE+fceMKtjs48H5OLPGq6bEARg75jZAR3R3LPAaEXyLYHj7qHRNDrett&#13;
g4SgvDzMhHxyJdB3Ly8n4RR4TUveNTwqrK/E68hz3Xc9BAlSDMkkBKT7j5k7lCzhDE6Ku+8j+H7l&#13;
GHG/byDzd/xTtzm3zUrwsPiaFf/NP5mIYJ0LBLQbAjWOsQhRBnufifU8up9uwOvOvYMzRbu/d//2&#13;
NiZ82NsYowPCXoMt2NXIk3uYuzLTLQeRAKy/Y3Ms9/x62Wrkz5/t1qNWtpghnHZ9HctuHfm71E98&#13;
ZrQWm1Jd83z8O5MPkEc2tMonbnyA9VDYlnanT/X1p1piSf9mfSWG+VFHHWWTXbpDq23gxFm3TG4w&#13;
g+uRFn355f23pc6OU81nn+4ttWlfeuPqi3F0BWWYlr6o7UusVc0nHbtYlPp5bbuSTq6XpyWzuQyV&#13;
8vJ6dMuLvLbUt/vuqDHI8/PP1rr6e5Au1q+zjh2vCOM8EzquZ/MytdgIeXu0vOvlq/nM8/F38rL7&#13;
/bw9x8XO06utF0t0xrFnhslCS9mxi2r1PXXzsaRmjM2JZUu5GC88r+4Y7fiWPnO9Oq1xslaXzadd&#13;
QP2J/GHju0MPPdT2OsEWZzOq7oaG444fpD/OGDLO+FHbV/psJMo639dyIZbzXclh+fUZN7UKFuOS&#13;
HZv0yIo5Hi8UGwv69aiO5LN/PIOxr8cgDAYhFARrp/Audb2MuRKgDqV7pXLqkQuJ3SJZa9X1Buu2&#13;
0rb2Urfot9Cd7rs8R/50RDb+6G66gZeOZwnvxeM8DrFk4KVjH3HEEYP49lK74AVipy42QaGc3fx4&#13;
nnISJgtxYedVSLsPIuN0dLyirFMkpJBNfty752VD2T/zmc+08rBRg69l89/zz5Kyp3y12EJOauQJ&#13;
5YhHCiNMj6aY0860F2sHkAEGHcenRf5K9aCuNbIFEZl2fb0OOd6lPoER1IJNX13zvPiO8maHVYxJ&#13;
Jlo8pIbfdAt/2+DCiWVLu0+DWGKUQx6ZmUWv+UWZkV2iKJjcYIDn6vb/Lr65EdlSZ9KlLugP/rmu&#13;
4H5+9eneUpvm7/r3cfXFOLqCPKepL2r6En25RZYpY2278myul6cls7kMlfLiHle3vK16rfvuMBm+&#13;
Oae5/7fWlbfRbUQBsJEN4eaM5YxFTOgwIUuaeZlabIS8PVre9X7HGDms31GPPB/uceVlv/nurSfU&#13;
x8HO0+KzpV41/YRwzFmUvVX3tYyxObFsxbRl3ALzXK9Oc5ysaaP5tAuoL04QJlKxhSA6TBAQLUib&#13;
+jXu+MH744wh44wfLX3F67W8P4NYDjlupLsFujdUPmCySxzeNUgTngU9J8c2nmFGkA1MMPJ8Z07W&#13;
uzEg4UnhKA/CfjhGhEZgt9KuhyVXAuRfuldSpgwaeOFYI8nOlXQmPdfOdkOFODIYUo/8Xe7j7Xjy&#13;
k5+cCLsjRONCDfFlDQlGKesWqa9f+ft+P8eI+z4zBOFgbRgzgd0O7u/yyc67YAcx0jOpjPDxPsSY&#13;
8NfNN9/cFmET7tkNlx2no5MfXlw2YaCtCF3GQ0lMO0c1MFDQtoQ34vVB+Q+7+pR9LbYt8kRIOWXj&#13;
CBfaF+8GJBMvBtjla39a5K+vHrWyNYv6lnAv9Qmea8Gmr66l/LiHXBBuzoQD3n82w0JmWdfsu7dy&#13;
nA5XLQ4829efaj2WkBA2Q6OPs7EP8srEAhsGMMCydhkPi68T7suv1H9b6sxkEMsC9Cwxi3qgbqVr&#13;
GsSSdMfRF+PqCvKblr6o7Ustskz5Wtq1pJfRz7XjwKR5MQbkabTUN3+X+nOVZPjmX+b+39I/0f2Q&#13;
SULKiV5hggZvwmte8xobH9G3TEQyMdi1HVp0et4eRO0wsVBjXzApSb9j/SfRRsOuPB8fj1vwbMEu&#13;
L0sLJrX9ZFZlb9F9LWNsTizBqAXT1nGrNFa29LVh+dW2UW39WuQjl63ud+w5dm3GUcF6SuQ8v8YZ&#13;
P0hj3DGkdfyYFhZ5vWf5PYjlhMSSxoFEovzxYkAyIWaEyuAdwMBz1zshaAg3Rj9HlAA+syns+oin&#13;
gU02mJ3gKimB0r2SMiU/1lRBlPSwdiNF5EdICdtCuxcwfxdvHEYsxucWW2xhxJQ1WXjFSsQqf98K&#13;
rv+VBnWMWWZ1GZQplx7APfDa+nv+yWAN4YaE8ryH8LFVNAMsn+zshZLozsyO29EJ5YCkstMfhIEQ&#13;
J0KJmeHCk4kHFcLW9eJ6WfPPPuXbgm2tPDHbxuZEkAnamVlDyrrJJpvYMTW+XbyXsUX++upRK1uz&#13;
qK/Xo/tZ6hP83oJNX127+XT/xqvNOa/ICMcl6SHTiX7Celd2GXWPJe+04NDXn2qJJd5TDEsmSejD&#13;
bLtPWehHrLNkQoZBFiJcMui9jqX+21Jn0mfDCyaHup5TT98/p0Usx9EX4+oKyj4tfVHbl1pkmfL1&#13;
yVGpXUt6Gc9C7TgwaV60XZ5GS33zd6k/V6muN/8y9/+W/sm6fp8sZgLZo4HQs4xtjFNMyEIYusSS&#13;
HGt1eqk9WO5RY194mB1nhPvk0dza3vKtlE+pLfyNEp4t2Hk63c9aTGr7SYsstJS9Rfe1jLElYtlS&#13;
rtZxqzRWtvS1YfnVtlFL/WrloytT+d+EJGO/ctIA6SHj+TXO+EEa444h44wf08Air/csv5eI5UqQ&#13;
I1Wcot4a0Vk4UWNJ16gvzks9XqIkRnTHRFFDTDRU1Sqq3jFRT5+oV0L0KBFZaaWV7L4ab6ICJTpw&#13;
iJIte14JhyjxEF2PKToo27NKiEQHIdEBQdRTMABPw2VEvYByzTXXiB6mLir0op5KUQ+ZpaVGoKWt&#13;
3gdRYZKNNtpIlHyKhtRK6V5fOamXxpiLei1EZ1GtfqSlA6AoORPdlVdK72rHF53NFF1obXXRnWBF&#13;
PSCihrMogbEye2VK7/NbCSMlgKJrT0U7uqgSMqzBRzu8JzfnUwdte1bXn4rOxAr1UW+QaMiw6MAp&#13;
StpFZ6EG7cLL6p0xbPldSaI9PyfRIV90hlc0tNHahfz4DuZqiFtaaqjL7W53uyEp3PwT7aiGteix&#13;
OqKkdE75arFtkSedzbJ21nWZouFAop5lUaPe2ouyL1u2bE6Za+VvWD1qZItMZ1HfOZXRL6U+4c/U&#13;
YjOsrp5W/kk/14gDAU8NuRGdLBKdUBL1YFr/0jB468e8V4tDX3+65JJLRI0C0xMadif0SS7y1rB1&#13;
6wsunzrZYvfov2oQia5DFg0ZFyXAoiH51q/V22Ll5d1aHUd+tXXmOfX6W3/RM+Csn/J+fvXp3mFt&#13;
mqfh31v1xSS6gjynpS9q+1KtLFO2Pjlq0ctqbFWNA9PIi/Eml8Pa+rbkDzalq7Z/6mYn1ud14kY0&#13;
OmHOuE5f0mUZohPKNlbpUV9zbIdanV4aJ3WC08amUfaFThjLG97wBtEJG9G1ZDZ2lerLvVI+jMel&#13;
tuD5kuxwvxY7ns2vWkx4r6aftMpCS9lrdR9lrR1j9fgLe1YJpmAvuo1ZW67WcatPr9b2tVH51bQR&#13;
+NTWr0U+SLd0kYY6d0x+dId00YjBAc7d51vHD96dZAxpHT+mgUW3vrP+G/2oO3WLnrYg6swyO2RJ&#13;
EctpAqyhMtZpUBAQ1Nyo7+aFMQqxhLy4Qun+Pq2/GRDo8BDnlrzUo2EGM0ashukaEZ1GmSgP/yCJ&#13;
kNtRl86qiM6WGq68MwrXUenV/O75gdc06+5512LbIk9gisIGnz6y7vnzOQ35q5WtWdS3W5dRf7di&#13;
Myq97u8MSBjhNXJSi0M3/XH/hlRSLiZf0DPTvFrqPM18a9JaUfVFbV+alSyTLv9yvTwLme3Lq9S+&#13;
s6pvKa9Z1DXPp1anlzAa9S5kUcNgRcPwRfdDMLKS559/L+WTP1PzfRLsRtWrmz/lHcee6aaR/91S&#13;
9hbdN+kY21KuvE7jfJ9WX6tto9r6tcjHOPXuvrPQx4/5xKKLS+vfQSxbEYvnA4FAIBAIBAKBQCAQ&#13;
WEAIQGTwWBKVRIQRkwRxBQKBQCAw3wgEsZxvxCO/QCAQCAQCgUAgEAgEpogAESuE5xGOy1KduAKB&#13;
QCAQWB4IBLFcHqhHnoFAIBAIBAKBQCAQCAQCgUAgEAgsIgSCWC6ixoyqBAKBQCAQCAQCgUAgEAgE&#13;
AoFAILA8EAhiuTxQjzwDgUAgEAgEAoFAIBAIBAKBQCAQWEQIBLFsbEy282fb8auvvtp2Nd15551t&#13;
W+98h1M/ukLPFZQ11lijMZfF//hll10mev6XbTTAkQjT2hm3L112zGOXTHZ6zdtqVmj3laUvv/ks&#13;
44ouny3Ytjzb1zbzcX8+238+6rM88yhhOSs5mGa6bP3PsRWML2xJzw7PHLGk5xALR83kOz5fddVV&#13;
oucXyp///Oc5cPMcm7dw5JGeX2y7RbuO5agrjn3iqCs9s7d4jBK6kiM0SGebbbaZc7TGnIyW8JeS&#13;
jI0LxzRlaFQZ2PWco784Rk7PtrUxcdQ7pd9rbaHSu4v93jRlw7FqkZGWZz397uek73fTWih/z6pO&#13;
fenOQgYWCpajylEilsI5ljqgJD1/JOlAN8tzNFeotHWr6aS7rtnh4xy6ykH0agQk3QL4VvV49atf&#13;
bQfX6/mCSQXsVr8v9RuHHXaYHTat55fZYe3TwqOULjL8/ve/P+kZXXZw9rTyGpVOqSx978x3GVd0&#13;
+WzBtuXZvvaZ9f35bv9Z12d5pt+H5azkYFrp6pm96eCDD056bnFSMmj/7nWveyUllEnPWE4f+tCH&#13;
EgeRd6+zzjorKTlI66+//px/97vf/dKDH/zgxEHVeh51+sEPfpD0GAB79eMf/3h6+MMfnt785jcn&#13;
Ja/d5AZ/67l9Sc9gTno2a9JzfQf344+bEeiTsXHxmZYM1eSv511a277oRS9KtPM4V4stNE76K/I7&#13;
05YNx6JFRlqe9fS7n5O+301rofw9qzqV0p2VDCwULEeVg3FHjzlLBx54YNLz1e3xIJY9qF133XVJ&#13;
Z3iTHpBsBFMPXu0l3nrobVp11VXT9773vSCWBTzf8573pL322itdeeWVUyWWpXT1IHubBHjb296W&#13;
9AysQmlmc6tUlr6c5ruMK7p8vuQlL0m682HSQ8OLEztdnFvaofvefP493+0/n3Wb77z6sGyRmZYy&#13;
T0O+dDfP9LSnPS2phzHtuuuu6aijjkqML0cffXR6/vOfn5jIfNCDHpQgkjfeeOOgeKeeemrSw9WN&#13;
jDIRjJHDv0MPPTQddNBB6RGPeISNQ3o4eNLzDe29008/PelB4UY4fdAfJPj3Pxjr7nOf+5je/NnP&#13;
fpb/vOS/98nYuMBMQ4Zq8/7FL35hbfuUpzxlIBO17/pzLbaQv7NUPqctG45bi/6aVJ5a8vLyLfTP&#13;
STHpq18p3VnJQF8ZFtr9IJYNLcLgf+973zs9/elPT8z6DbtWdMN9WN2m8RsD049+9KOpexBL6X7s&#13;
Yx9L97jHPdJb3vKWeSWWpbL0YTffZVzR5bNl4Gtph772mfX9+W7/Wddneabfh2WLzLSUf1L50mMi&#13;
0nOf+1ybKGGyjXEGjxCXHiKefv7zn6cTTzzRdNhWW22VdAnBYLLSieVrXvMamxkmOoZ/RNH88Y9/&#13;
TBryaIT0Tne6U7roooss3SCWLa1bfrZPxspPj747qQyNzuGWJ6ZBLFtsoVtyXhp/TVs2HLUW/TWp&#13;
PLXk5eVb6J+TYtJXv1K6s5KBvjIstPslYrkSobBf+cpXRENoRGc9LRZ/VEztivw7sdDqWZTLL79c&#13;
dAZXVlttNVl33XVls802kzvc4Q5WNZ2BkIsvvliOOeYY0TAi2WWXXeQhD3mIrV9Rl++tqq+Ggujs&#13;
sq3HZB2Lr2+pyQvsKce2225rZfHEWdupQixbbrmlKFEarBX88Y9/LBpyK1tssYXoTLTd19Anq4+G&#13;
utiZVqyn4Xwr1hj6xTobft94441tzQ15so6H5/oOV9YBRXTmW3QmXH74wx/KFVdcIbe5zW1EZ7dt&#13;
vY4aMIO6DktfSaX89Kc/tfU7rPVowYfy96XN+kkl/YN0WX9EO6gBJttvv72owIuGjQ3qTTtTfr/U&#13;
oBMNmTXMaP8uXjyjobu2/ok1T+uss44sW7bMXxU15OTLX/6yranl91IdS+UGa+L0TzvttEEZWZt7&#13;
17ve1ep57bXXEkUgYOsXa6ouuOACk49uu1J+8lBjVG644QZBNlmjxTPd8vbJp6fvn7Q3eD7ykY80&#13;
GUPOyEMnWEwOOS+NvkNdWROm3hPRUD4ru69lrS2T50kfIR/Wj6kRZHXYYIMNbJ2Z98eXvvSl8oEP&#13;
fMDaivfU8y3qyZG11lrLnqN/eNtQh66sIRPU6VGPepT1Ed5VT7aV3fuWv+tlqulPXg7Sp1/RrvRH&#13;
5Ii1bo6Hp+mflC+XUW9/3qnRGZ5W6RNZcR2BjCIHtKd6e62MyCpyjgy2yJrnVYPNOGnXpOtl8M9h&#13;
WO63337VMuPp1ZQhly++t+hV+rF6FK2fKoE0ecnXUmoIrFB+DUsVjbyQBzzgASbf7373u0VJpeyz&#13;
zz7y8pe/vDhWq8dTPvKRj9h7e+65p2gorI3tSmLlkEMOEda45xc6Xkms6ZdPfvKT1t/zZ/x7Sad1&#13;
x5EaDEmrVk55dpbyhD4Y1oeHyRj7Bgx7l7KXrlyGGA+516qn8rRZK4tdwz/WVqK3+cdYyLh/0kkn&#13;
mS3h79W01ShbqCaNUTJDeWrSacWoZmxpwcKf9c9hsjGpLp9kzHP7ij7G2Io8cO4p4yRjAWM42GBD&#13;
Msa25OV1r2mvmnb39PwTTGdlc9aOrcPKndt59P98PJ/E5nQcVqTP0hrLJUUsdUbYhODcc8814YVk&#13;
6Gyvda7ttttOGHwxlt/4xjfKl770JfnGN75hnRFDV0OWRMOX5pA/b/yS4V6b15FHHimf+cxn5B3v&#13;
eIdsuummRnwoE8YHCgBjQNe+DEjv4YcfLjobLe9617uMGJ5//vlWJ4wQDGTyxXB84hOfKBgWEDku&#13;
3qM+uhbHDHSMoR133FFe97rXGTHwunQ/dY2pEZrHP/7xomuCjGSQPtfWW28tGDFuqAxL/+STT5ZP&#13;
fOITRqbYXAKlW4sPSrIvbX772te+NkgXw0vXJpkhAvldb731DIczzzzTPl/4whfO2VyJjTOYUKF+&#13;
+W/UETk59thjZffddzcsmYTwiwkBDUEzDNUjKCeccMKt6lgqt66jMlKEgvIyvvWtb7VJCw1rk89+&#13;
9rNyxhlnWNv6AMEkwB577CEali08g4z+/ve/F+qFIQhRAlON9bcNOCA3L3vZy2TDDTc0eSrJp9ej&#13;
+0l7Uy8MESZWyBclT360NeT3wx/+sE14ID8QWQ2xMiMYOWgpk+fLxhK0GfkgE9QBgsZkzjOe8Qzb&#13;
iMQHvn333ddIE6QWIwyiC2HECGfSAAyoQ1fW3vSmN1mddthhB+vT119/vZWTvs+ECe3PRIwbAp/6&#13;
1Keq+hMDIIYaMuSTTfRbNsjQ9UyCzuhOYnh9TznllFvJqLc/zzBIjdJPLheepn8ycCI7kAmIN4SF&#13;
MiHfn/vc56xMr3/966096fe1skb6pF2LTUvaLel6Pf1zGJb777+/EcsamWkpQy5f6O8WvarrKgV9&#13;
CDGkjH2bvWHcYAwyUclkEfJZQywZN84++2xB7tFL9AVkfFrEsqTTGEcgvEyGIr+jxqIWOaWtZyVP&#13;
NX34ve99b7G/YrQzgdna/6lPLkOut9C9NXqKNPIL3fnBD35QPv3pT5sORfdgDzDJSD9h4sCJZau8&#13;
l2whXQdsdkhNe/fJDO3KuFGrV3x8qsWoZmxpwSLHfJj+4dlJdPkkYx7yhDwwriIPjOOMGerpMruN&#13;
iRr0DpNWkM2WvFrwGtbu2BKlizZm8m3aNid1r22PYeXObdlp25wlTBb6vRKxXFJrLJWQ2WY8bGZA&#13;
qKQa5kmVQ1ISZutaCDViw4QLL7wwqXAlVXq2IYIq5KSdMelgUvRCl0INa/PSgcvWzSixTIRJceku&#13;
gbY5gyqDxKJ7NYbtPuttdMYpESJFyJQaH0kNa6uTGhJJDYpEejrQJzVsrX6+RucFL3iBrenhvhKN&#13;
dMABByTixYetQyREAgzYXII1PB/96EeTzobb+iA2kGCTHEKwuIalXwq1qMVnWNqEknXX3rEGTw22&#13;
RCgYa5hoT51Rso2DlGyla665huQGF5gpaUqEMuhs7+C+/6EzfUnJWVJvciKkqHuxUJm1S0rsTS5K&#13;
dSxhwiYaL37xi+eUUUmVhcGV5Ig8lUTZWt8nPelJiVAMLiUf1sbaqW1tlhKK9Pa3vz3pBIlhopMj&#13;
SYmePduXrv3Y+Y86gAfru5SYGn70A/V62forcGANGKF6xx13nN1be+21kxqUtllIS5nIVg27RPlp&#13;
G9pCFX86/vjjk3rVEhuS6ACTbrrppuTYInP8rco9sYZWJzeSDlC2Ps3l0J/19ZheJzWw0vOe97xE&#13;
P6P8hG8gJ91+19KfaEM2W2Gtm5JtK8Pee++dlATYmmzHvgOv/VmSUW//lj6Rp8t33gdL6gZGSiqS&#13;
kta0zTbbJJ0Usc1ZXH76ZKIka6Tdgk1L2i3pUo7uNQxLl4MamWkpg6fr8lXq48P0qnqnbaMDNtXp&#13;
G0+6dez+jT6jf772ta8trvf//ve/b31XvRADvTTtUNi++jJm1o5FLXJK/WclTzV9uE/GdCJyrP5P&#13;
fXIZ8nu0bY2e4vn8+sIXvmAbOKlBbjqUcVonIU0f6MRX6q6xbJH3PlvokksuqW7vPpnB9mgpS4su&#13;
rx1bWvLPMe+TDSV1povVUWAbZw2zNfM0/bvLSI3+8mddJ5GGTgYkjbJLRCQyViMP2AQapWPjnnor&#13;
zYbkWX+/Jq8WvIa1O/mWLsoyC5uzZWwdVm7HyrEuycAkNmcJk4V+rxQKu2SIJZ1dPSC2dkXD6gaE&#13;
iEZTr5dt1INS15A8W7fCvXve855JvSFJwwyHtm0+8LXkBXlhgyDKhlHHBeHFaFWPW0IB+IYKkFvW&#13;
faoX0wwLnWlKq6++uhGLriGLoc9mDCgVJ0R0FjYYYs2ohsrZDoEodsrad3knUo+dkTJ/1jsOhr2G&#13;
09nrw9L3dLwztuCjM2RGWktlZ3DvEksKUop35zkMfvXQGFHhOYjIYx/7WBuM2VSIfPJLvT0DmWGB&#13;
tu+0iDwwOYGSvubvZDWvI2n1YcIEgM4U3modaC5HXp6Ssc9ggRGhxwQMDFTqoDOUSUNEzZAYRSI8&#13;
ff/0Ouy2225WL9oJwo1RoqGe9qkhMLami9+YbED+6E9MYLSUiTwhZWxgwsSNT6pQBwxzNiLxiQsv&#13;
F7tlsuaMvGkb8oXc074++eLPuqz5d/Xe2zpf3uPCsAcnJiC839X2J9KA/LKDJ33JZYe+jL6A1A2b&#13;
sCnJaGufsEpk/7FpCzqLuvlECe2iXsqkM9Q2gTZKJkqyRja12PBsixy3pEva+VXCkme83WtkpqUM&#13;
nq7LV18fpz1LF8RfvUmJXWH7nim9xz0nluqxsT6D/POP/sKkEnX1CQT0EnI5C2JZ0sVMgNaORS1y&#13;
Sr1nIU8tfTiXsZZ3KX9+5TLE736vRk/l6fGdcR2bgckk7/voVCZAmUDrEssWeSftki3UksawPtKS&#13;
TgtGtWNLS/5gkV+5bPD7NHS517VGf/mzrpMoA/akRvGk8847byAPjAWQXIgbu0vjnODy92vyasFr&#13;
WLtbxoX/vCzTtDl1ec7AjkNf+iQ02Zds/2Hl9vJ1sS7JwLg2ZwGSBX9rSRNLDE8MQTx+TtS8xVAE&#13;
ePEgKRfqzCuCWFKm/nz+mQ98LXnpWgjz2uAZc4KDtwiSi0cObxGEksEMLw2GuIa1GTHUdRNGmCCi&#13;
HIWiobP2j9k6SA/14T71885y2mmnzdlpEGXDFvMome4/MGBGlzRQTt3ZdQyWZz7zmeYt8iNE+tIH&#13;
q7wztuBDOfrSztMlr1Inh1DiWcNL65MEGuppA/ErX/nKwRbJvJ9feKPAvOsB1NAdIyUaBjfwCpbK&#13;
0lfuUhnJN5cjL0vJ2Ad3ZiVRkrQhMs1sIh5rygtp9kmFvnQ9ff/0OuQywkQGxgneRCeAvMNOlsyy&#13;
Qyi531ImZAhPmq4fS7p2d0DOSFfDbM3jggem67FkUKCufkEy2UGz68n1Orji9++0I33NLwgWky+O&#13;
E+nW9icmGDDuIabIFLPB9DkwuEYNeuSb/tp3ldq/tU/kaVN+jkTCa+QGgz8DjhgZRGaMQyxbsEHX&#13;
9MlbLset6Xp9up8lLPnd232UzLSWwdN1+err490ydv/meBGO95qEWOryBpt0RH75x8Qk3gYiSyBt&#13;
uvZ7oK9biCVHluRjY7fs/F2qbwuGRAS1yCl5zkKeWvpwLmP07Un6fy5D1NHvjdJTPJtfTCrT9t2J&#13;
ZH8GOYVwOrFsaSv6MlduC7WmUZIZ0m1Npxaj2rEF3Gp1vmNBubtXLhv8NqkuJw2v6yj91X3WdRLH&#13;
X2y00UYWvYRt1710/wHTGSViOSqv1vYa1u7zaXPqGaxNtn9fuUtYc68kA5PYnN32WhH+XtLEEqMb&#13;
bx8EEsM1v9jqnZkc71y5Ms2f737PB77WvI444ggjaXifME4xDjEQmInGeMWA5z4hrgzKeFUJl8Wo&#13;
xhNB+OPOO+885x/eTmbGIaEY595ZCC+ErPmFgQORJb/uP4xTiCWY4KVCWXcvwmzIW9eHDk2fd1xJ&#13;
uuJrxaev7Hm65FXq5JzfxoQCg4iTd86Qw2vITorg03ehAAlpcYMdHHTzDPMMISPuxSyVpa/cpTKS&#13;
fy5HXqbcIOc++eJFhdQxK03bYexgXBAK1/Um96Xr6fun14Gwqq6MEE6JHECguuSM75BY3eTKPHQt&#13;
ZdJ1HxZmTChsPvh5efzTy5XLLqSaySIIqnvO/VmXNf9OKIy3Fen6u45Ta38iBBqFSiguRh3YM0nB&#13;
+YMYFnl/8brwWWr/1j7RTY+/dZMGIxtMRjGQdi88GBgaXQLeJxMlWWvFpjbt1nS7dfK/S1jym7f7&#13;
KJlpLYOn6/LV18e9fPkn4w8eP8LG3bOUP8N3ZDU3Zt1jicxyNi1h6vwjvP6d73ynRbowsdGVcyYd&#13;
6aO6nnMwqZbn5xjgTa0lll1c/f2asYhJDsamWjmlrLOSp9o+XJKx2ndzrPmey1D33ig9VUqPCT0m&#13;
jpDF3LbBbkBH7rTTTnbcSEtb+biY20KtafT1kdZ0HLdRGNWOLa35l7AvycakurwrD91+xn0ft4aN&#13;
eZ4/eDEWdS8mRZhAKoXCjsqrFa++dp9vm9Mj/Wpt/75yg6PLoOt/7pVkYBKbkzRXpGtJE0vCQ5m5&#13;
64bNdRuPUCLCJVlzSefNlWn32fzvfOBrzYsZZkLYIJisXYAwsg7M1/gRZoSywKvp5ScEjwGaQYOO&#13;
gOek9I+w1a7XL58pR5mw7ocZrO4/vEjkCyYYrfmFtw5DAu8d3kzvjHn6vJd3xlZ8+tLO0yWvUifn&#13;
vm4UYCQA7ytr2vDoslZ1lCHFu4R/QELBihk/FDNGepcQlcrSV+6+MrocYSh0iQllzD1z1EM32TGP&#13;
H4ebE0IFwSTUBS+iEybK7+ni0e6my2/dy+tw6aWXzvG4ObFkjW3XGHaj1YllS5nADm9L14vWLUv3&#13;
by+XbpIyp1yQXOS/W1d/1hW/fx/1bmt/YoC+UKMbMOr31rWVhO5CMlkbyqQLs8Z9V6n9W/tEnrYb&#13;
l8961rNuRSwhKHiGS8SyRtZasXF5G5V2a7p5nflewpL7s2p3T9flq6+PU4bSRV9hkoY+NSxcmjGB&#13;
CBXGIY8WcWLZt8aylJ+HxtMmOenw590QxVj1KAf/Lf8s1belHckLElQrp+Q/K3mq7cMlGat9N8eP&#13;
77kMde+N0lOl9Lz9uvsx+HOQQ+wGJ5YtbeWTi7kt1JpGSWYoX2s6jtsojGrHltb8HdPuZ0k2JtXl&#13;
pF9b1+6zrpOIxsKeJI2cWDL+M1FeIpajcG3Fq6/d59vmZAK+xfbvK3cJa+6VZID7k9icvL+iXEua&#13;
WPpsS9e46jYcm76wRuScc84x4zlXpt1n87994HPDvTUvQjIIfcXIZhMTOgGdgUEB8oASwKMKucGY&#13;
x6AmpBOjGoNWjwKx0FhmSfwfszQQBNJGmXhnIWSvOxMOySKkEs9j9x9GDx5LMEFRMpB2LwguBAbi&#13;
Snp96fOOK0lXfK349KWdp0tefZ2cvDFoIIlgSIhxN7yVd/suPHg8f6geRM76OdqBT8K6/CqVpa/c&#13;
fWX05zEUum0EWcfb7rLLLDTrK5ETDleH4OCJpTy626xNOOBhdS9eLp9e5vyzVAeeqSGWGKQtZSKs&#13;
Bk9fyUtC/Vhfibed5/rK1UIsXfa8zvm7Lf2Jd5lsgfDzNyG5eL7xHhOSiHx4CLrn1/0stX9rn+im&#13;
x9+QBvIubTRF3fjN5Yfna2WNZ1uw6eqaUXLcmi5lya8SljxTKzOtZcjTdRxzvZqX07/r8UamS4gs&#13;
YOKw28/9GQx6NsmCgHZDI8chluhndEfXw+H5+KdPEOnO04P1xv5b/lmqbwuGeMRb5JT8Pc9pylNL&#13;
H85ljMm1Sfp/LkPUsXSP+7me4l5+0fchj0Q0eai7P+Mky0NhW9rKJyFzW6g1DW+/vI+0plOLUe3Y&#13;
QlRWiw3lmHY/c9ngt0l1OWnU1rX0LBFtTETraQK3kgfsPfofe0T4konavFrbq6/d59vmxDbKJ+bB&#13;
za/c9u8rN8+XsCrJAM9OYnPy/opyLWliiYLGs4OAMaPjs3E0HkYxa19Yh4fyg0TlynRYI+eGe2te&#13;
pI0w48GhjBjbhDRx4f2A1OBdQwlCIjFGKCNElN8IofWwFd6hPnQAQvMYyLvGXq7ceb7v8k4E2YWg&#13;
+gVhweMHGXaPX0tnbMWnL20vX5c04DXDsMf72y0zxgAkndk6NjqAZNLG3bAxr1/+SToQNWSETsQg&#13;
jjemaxSWytJX7r4y6rEARuTZHdU9g7QdaxvxHLt3D0WJtxrPKR5UvygPnm48Z0w4+MCRy6c/n3+W&#13;
6sAzNcQSo6+lTKSrR/hYn2Nio9sfWZ+Ah41wZcKa+spVMrryZ/Pv5MuVv9vSnzDWmHShvbpeINJA&#13;
xvS4n5TP/t6c683/l9q/tU900+Nv8sawRK6ZaOjiiaeZPuHyw/O1suZpt+ia2rRbMHcjl/J0rxKW&#13;
/D6LdqcMebp9fbxbxu7feBCIEGHNMvLt+tmfod0Ik0XXs4M3ExTgxDUOsWSCkGUAhMOytIJonO6F&#13;
sch6ecqD7mBSZ9hVqm9LO6JvW+SUssxCnlr6cC5jkLdJ+n8uQ9SxdI/7uZ7iXn6h91kOA2FgMrk7&#13;
phGazwZnTixb2sr7XG4LtaZRkhnq0JpOC0Y1Ywu6u0Wv5bjzPZcN7k2qy0mjpa75s+RPvbAnmchy&#13;
2xC5YEIc+6C0xrJrR3k90EMeEdTaXn3tTtp9l9dlmjYnE+4ttv+wcnv5uliVZID6TWJz9uGzEO8v&#13;
aWJJg+iZM2ZgsROknv9nawchmcxYQCrZ5RJDlitXpnaz57+S4d6SF8lyXATGHwM8seC+TgrSSNkw&#13;
Vtmtk9kevyAgeK2YmcJ4xGOKUUk9UB6sw/GQvGGdxdPLP70TYeRj1GDkEKrLQA+J0DMeB+Fcw9L3&#13;
dLqdsQWfvrRL6bpHAMXKGkBwdALI0RKsWQVnMMO4qL0g+ISX5O3j75fK0lfuvjKyvhcjAM8SO8fi&#13;
tdazyYzMstuje5yYOOBIECYVWH+Ll5IJAzbqgACzhgsC7aS/JJ9e7u5nqQ78XkMsKUNLmUgXhYw3&#13;
hfXB7GYIWadf0jbUDflmkOwrV8noyp/Nv5MvV+nd2v5En8LjhByBjZ4/Z5uxMHPJOl4Iv+8ufXNu&#13;
c//va/+WPjE3xZu/QUgglhhV4Mh6NkLV8WKyqy99wj0atbLm+dRiw/Mtabek62XpfvZhOYt2J988&#13;
3b4+3i1j/je79iIn6HU9Z9MIH/VgQoXwV4w+9BTLM7rhsuMQS/LG+88GP8glegwPJWsEGXPQ5cgx&#13;
oZL0YYzHYVdffVvasUVOKcss5KmlD+cyhqcZQ3Xc/p/LEHUs3eN+SU9xP79oS4gEkwREetD3kTPW&#13;
sPuO3m47tLQV+ZRsoZY0+mSGtFvSacGodmxpyZ/y5lcuG25vTKrLW+paepY+jjyw9p8JJcYB7B8c&#13;
FLe73e3G8lhS9xa8hrV7jqN/97pM2+ZsaY9h5fbydW3ZPhmgTpPYnI7JQv9c8sSS2WI2O8AApoNh&#13;
gDF7zIY4HBPgRxnQkCVl2tfAJcO9JS/SxfPEDDVnV3bDLFFUhAxyn2MZuuGXzC5j2HrMPAY6s0t4&#13;
ZXNDYVhn6auXdyIwwltHmu71wxsKMfNZzWHpezrdztiCT1/apXQhU4RkEqaLIUV4r3v/8PSxBg4s&#13;
3/Wud83Bsg8Dv49HDlzZ0REC4Wn676Wy9JW7r4x4gplUwODkOAs6LLizKytEnkECYsDMI2v7MBZp&#13;
e7YJZ0Ya4sA6SwxTSDDGBaS6JJ9e7u5nqQ78XkMsmZBpKRPpIsusCaWd6I/IF/VG3tku3r05feUq&#13;
GV35s/l38uUqvdvSn5ABjEu8BJBMyDAefDzFkP1uP705x1v+72v/lj5xS2q3/EWehEZDWphg2GWX&#13;
XSwEEj3XnZjgjVpZ89RbsGlJuyVr5Al/AAAW/klEQVRdL0v3sw/LWbV7nm5fH++WMf8b3cGEEf0V&#13;
PUXfpr0IT4Os8MkadnS/61fSGJdYEhoISSXKBGPzgQ98oEXFEHmBJxP9zgSrezby8na/99W3pR1b&#13;
5JS8ZyVPtX24JGOEKI/b/3MZoo6le9wv6Snu5xeeaLw8RDsxkUTfxxZgyQq7CLvHkvda2ornS7ZQ&#13;
Sxp9MtNalhaMaseWlnpQ3vwqyQb9e1Jd3lLX0rNEWRHpRLQCS6mQVcLhcaIQ/YS+oV9xld7nfkn2&#13;
WvAa1u6kX7q8LNO2OVvaY1i5vXxdW7ZPBqjfJDZnCZ+FeK9ELFfCKNIZd9GZS1FPl6gSksV86Uyl&#13;
6Jo50TUSosawqGdPdJZfVAmLGuOybNkyq756hUQHHtHdFEWNe1GPYS8sOhskGqIqasCLGgqixMWe&#13;
rc2Lh5UAiB4VIWpMiHpURUmDlUUFSdRQFZ1tFD2bSNQIGZSR97Sji86YiC6sFg3tEN0JVtTbY/VR&#13;
Ai16ODKPic5QixIN0U0TRI2JQRntx57/dD2i6Gyx6Iy3pa3EW9QbZmVTJWX5OF7D0teZeFFvlOhs&#13;
quhM/CDvWnz60i6lq4aY6Ho3USIoOriIki5RQ1uUEIrOxosqVFFCLOrRsfsrr7xyT+3n3lajy9pB&#13;
PQiiO7CKehYH9eDJUln6yj2sjMiRep1FQ6Gt7ZTMinoqrf10vauoMSp6BIzJiXqzrd3VqBBdjyU6&#13;
MSFqVIiGYdp9XTMlSlLt3ZJ8zq1huQ48o15qUePCyqGhMSZj3CdNyqBkSpTgig5m9h1ZHFUmxx08&#13;
6Y/qLRENyxPd0db6nE4OiBrZwnMlbMlfCbaosW14KCkV8Mmf1dn7ouyV3iXN2v6EPKgxLjrAWN+g&#13;
z9P3kTUdxK2fkF7pGtb+tX2ilC73wJM2oW2Qf9pfCa/oBkNWNvCiD3LVypo9rP/VYtOadku6Xhb/&#13;
7MMSnVjSOZO2ey5fOnHVrFcpu4a8mo7S9dOmj2g39SyJGn2iB5tbn9LoiDk6RqMSTDfwu5JEe95x&#13;
GPWpa+9FwyRNr6D/+M6YxphHWvRf9WSMSmboONLSji1ySqFaZLW2HLV9uCRjSsoNz3H6fy5D6I7S&#13;
PerdJ6/8ll+M/xrlYlihi+n7OuEl6EB0qU4Km67kvVqMeLbPFqpNo28cJG2u2nRaMaoZW1ryt8Jm&#13;
/5Vkw+2NSXR5S11LzyI3yDfjtq75FCW7Zq+pE8VsCJ1gF/XimYyU3qeafbJX216j2j2D0r7O0uas&#13;
bY9h5S5hNUwGJrE5S/gsxHsaFSG6U7PozuOiDgGzRQViiRcGD4ECvxAJ8UzKxFoW1pd01yLNJCNN&#13;
dD7yIoSJ+jBT5aGfk9Ynn51hYyB2KNSONGnSc96fBT6kyUx9Fwtmj/CGcTQH3oDlfZXK6GUCa8o/&#13;
CmtmZlkrooOIv7rcP8cpE1gwq1hT5/moYG1/0sHXwufRnbzTcg1rf36bRD8xa44MUSY8v3i3PZQ6&#13;
L2OtrPl7tdjwfEvaLel6WfxzGJb+TM3nJGWoST9/hv6Nt4lIhHFkKE+v5jt9jLDIaY4V3XxbMGyR&#13;
U/KYhTzV9uGSjNW+28Vn1n8zFtS2bUtb9ZV7GmmQ9rTSyctJu9WMLZPkX5INLwe/TaLLPZ2WT6Le&#13;
CMP0pV3+rhIji4gq7SDsz9R+ToJXXx7zYXPOqj1KMrDQbM4+3Ce5Hx7LhUj3F3CZfPZIt4e2WXT3&#13;
Ti7gIheLxkw/s5e67kJ03YnoJhXCLEvNDH0xwbgZCKxACBAFoSFR5gnueixXoCpEUZcAAiGnS6CR&#13;
o4rzgoCeEytEImroq+gyE4ugwfN8wgkniO7FIXrskXmwh0XizUtBs0zC5swAWQG+ljyWSy4UdgVo&#13;
pwVTxMXSyQnz1m33LURI15vJ61//egsHXjBAR0ECgRkiEAb7DMGNpKeGQMjp1KCMhJY4AiwH0v0L&#13;
bMmMrqs2YqmRK/adJVW69nbOsq2FAlfYnAulJerLEcSyHqt4UhHAu4e3TxczW3y+rx1d0cA55ZRT&#13;
jFiyzmT33XcfrF9d0eoR5Q0ExkGA9a66WZWtC9YNvmwt6jjpxDuBwCwRCDmdJbqR9lJCgPWR7NXA&#13;
/gjsz6Ghjra2nj0b2KeBvUUWoj0XNueKJ6VBLFe8NluuJdaYcdvwhk0lfLOV5VqgMTNnExNCYVGm&#13;
hL8uRIU6ZtXitUBgJAIYFbo22uQ+5H8kXPHAckIg5HQ5AR/ZLloEdGdX26iLvsXmcgt9+U/YnCue&#13;
KAaxXPHaLEocCAQCgUAgEAgEAoFAIBAIBAKBwIJCIIhlZXNcdtllwtEaHHnAMQ6jPFxsN8x2ziyE&#13;
nrVnz7eM13N+ZI011qis0cJ4rAXXlmcXRu2iFIFAIBAIBAKBQCAQCAQCgcDSQCCIZWU7H3744XLu&#13;
uefK6aefLnqY9FCyqNuf25mInAfGeX6z3mXrkEMOkU9/+tN2xiZnCo4ivZVVnpfHWnBteXZeCh+Z&#13;
BAKBQCAQCAQCgUAgEAgEAoGAIRDEslIQ3vve98qXv/xl2z2UHbWGeSE5gFbP3hG2d37+858/840x&#13;
nvvc58pZZ50lX//61430rkjEsmXHr5Y2qGzWeCwQCAQCgUAgEAgEAoFAIBAIBKaAQBDLShDZRUsP&#13;
GJb11ltvpAfynHPOEQjTy172MtFDZ4NYDsG4hVi2tMGQLOOnQCAQCAQCgUAgEAgEAoFAIBCYMgJL&#13;
mlh+97vflauvvloe+tCH2tEZy5YtG8DLNud4KFmzyO8/+tGP5Kc//alss802suaaa1q46be//W35&#13;
9a9/LRtvvLHw929+8xtht1TWAp522ml22OwTnvAEYe0ju4/yzLXXXiuPe9zj5E53utMgL3ZnvOCC&#13;
C2S11VaThz3sYQPiym5YvPPzn/9cbrjhBrntbW8rd7nLXeyZddZZR7y8tR5Ljgnh3CIORv/JT35i&#13;
/8jj3ve+t2y55ZZyxzve0Q7Kpa6E87Jj2KMf/Wgru3toa8tE5VhnSj5XXXWVcBAv5d9ggw0Mzzvc&#13;
4Q5WfyeWX/ziF+37lVdeKTfeeKNtgw3uHAfi9aT8eRt4nR71qEfJ5ZdfLrzPbq+UnTp137cM9L8f&#13;
/OAH9ixtR53ZbruLuz9HWpx1yXO0693udjfZbLPN7LxLx8Ofjc9AIBAIBAKBQCAQCAQCgUBgKSOw&#13;
pIklayaPPfZYO8dwzz33NGLnwvCVr3xFDj30UNlxxx3lOc95jpxwwgnyiU98wgjj/e9/fwuFZc3f&#13;
N77xDXnwgx8sECMIyL3udS8jRpAzQmbxcL71rW8V3jnssMPks5/9rJxxxhnSXQsJId1jjz3sLEWe&#13;
gRThHT3zzDNtrSZECSLz29/+VlZZZRUjN3hDN9xwQ7nNbW4jtcTyDW94g1Cv7bffXi6++GIjwngB&#13;
yY+QXcjvhz/8YbnuuuusLhDBpzzlKbLffvvZhkUtZQJHDuT90Ic+ZGcm/e1vf7PyQ8522WUX4UDe&#13;
1Vdf3Ty7H/jAB2TfffeVH//4x0ZoIb8QPsgiea+77rpWf8qft4HXaYcddpAvfelLcv311xt24ML6&#13;
1le84hVGHMEPovupT33KwoZ/+ctfGmGlXKyB5RwnZIBJAy4I60knnSTf+c53jBBz769//atsvvnm&#13;
5oWGIJNHXIFAIBAIBAKBQCAQCAQCgUAgILKkiSXeNIgjZPD973+/eS1dKA466CCB8OB5xMMIQeE7&#13;
nsWHPOQhRkr22WcfIzp4HyFBECWIE15JCNp2221n7z75yU+2+5C30lrIX/3qV+ZF3GijjeTUU081&#13;
b915550nr3rVq4wUbbvttlY2CBdk7atf/aq8+tWvtnWc5F1LLPEOnn322ebFo06QXYgleUIqIZh4&#13;
7zbZZBMjUdQdokZoLx49SFltmfD0UUbI8E477WSkmfJ/8IMfNOLN4ex4Tl/+8pcbrngWEcYHPehB&#13;
greYvH74wx/KUUcdJbvttpusuuqqAxLabQOvE+QTgk/ZWWP6yU9+0kg/xHPvvfe2SQPIIoSc9J/6&#13;
1KfK+uuvL5xnybOQ2iOOOEJoK7yprJGlDBB+ynTTTTeZB5tNkg444AArS9fr7HITn4FAIBAIBAKB&#13;
QCAQCAQCgcBSRKBELCFDST1jSUlEUmKg56guzks9UEk9Z0lJTVKylv7yl79YRTXsND384Q9PGkqZ&#13;
rrnmGrunRCOpFy1985vfTLzH9YIXvCAp4UlPf/rTkxKTpOGjSb2LScmbpfmWt7zFvtvD+p96Pu35&#13;
733ve0m9Z347KeFK973vfdOTnvSkpN5Cu3/cccclPdokff7zn08aKmv3eEeJTVprrbWSehIHz/al&#13;
O8jg7394HZSoWb3UW5f0SBRLS0M97VPDRK1+/KbkOilZTkqok4anppYyITt3v/vdk3r90h/+8IdB&#13;
+d/znvck9SQmJfJJCV7yMinRS3qcSyJf8CVPJenphS98YVJya+/7s9028HvqbUzqJR60zcc//nHD&#13;
6WlPe5rhSwJKQq0+Rx99dFLvq6XJf7rpUVLvckLuNWTX0tAw3KReZWtXbysNtU3qQU0nn3zynHYd&#13;
JBR/BAKBQCAQCAQCgUAgEAgEAksUAV0CmDTiMR144IFJIzINhSVDLKmtehaNAL3xjW8ckA31VBkp&#13;
OfLIIwf3nMB0SY0TS/XsGfFyGfrYxz42MbHU9Z9JQzuNfEHqfvaznyVdb5l0Z1Qr72Mf+1gjQeTZ&#13;
Sizz8upxJUm9b+n4448fkEDSfd/73pfUi2mEEnJYWyaImK5FTQ94wAPSFVdcMYdEa7hwOv/889P3&#13;
v//9pF7AAbF08kq+XJBM9Z7OIdulNvB7tOOf/vSnm1/W/yHokEXHCQx1LWzSNapJQ4yThrgmCD7/&#13;
1JNpkwhMHHCfCQYNrTUZUO9k+shHPmLPgME1OtEA0fXJhUGG8UcgEAgEAoFAIBAIBAKBQCCwhBFY&#13;
8sRS19qlTTfdNGkoa9JNcowEaYhr0jMokx4bMvBiOoEpEUsNzUy6qc1AjKZBLCE3eFHxEsL6n/3s&#13;
ZxvZwaumoZpp6623Thpya3m2EssvfOELc8qra0DTne98ZyNQXXIGocLreMwxx5iHrrZMzFDo+s+k&#13;
7vAEvsMuxzXHEG8mHkMIqtfTn+22gd+76KKLBm1Ffv6+46SbNBlR1c2YkoYop5133nnOP10Lm3TN&#13;
ZPrc5z5nhBfyS+fQEOGkIcOG/Stf+cqka0aNWLoXc1jd4rdAIBAIBAKBQCAQCAQCgUBgqSCw5Ikl&#13;
DU2IJOGwkBvddTTpWj3zlHVJkROYLqlxj+W3vvUtC+F0oRlFLPH8dYkJ3sjcO6drLJNusmNev8c8&#13;
5jGJUE8IJuG1eBGdMJFnK7G89NJL53jcnFh+9KMftdBYrweevS6xrC0TuOEt1A1xBuG6nmb+6bjq&#13;
JkhzygTBhVh26+nPdtvA7416n1BlyCNp0m54Ikv/dG2okW48khdeeGF685vfnHSNpoXvQjLvd7/7&#13;
Jd1gaVGHiOdtFN8DgUAgEAgEAoFAIBAIBAKBUQgEsVSE8ODp8R3p0EMPtfVzkEzW0enGLgP8nMB0&#13;
SY0TS0IpWRvoVx+x9OcJae0+DzHVIz8GYZ+EXLK+UjcVSrp5jREcPfrCysM6QggSHlb35LUSy24d&#13;
KHMNsWTtYW2ZCDvFy6dHc1gIr+PCJ3VjfSWeQZ4r4cpzrcQyr1P+PutmIZWs79RNgWw9LGti/Z8e&#13;
EZMg3Ky95F3d2MnKzt+E5eqmSeY91g1/bBKCkNluG1LmuAKBQCAQCAQCgUAgEAgEAoGlikAQS215&#13;
yARETc9stPBHwjjxKnaJQ4kAOVHMiSWePcip7jI6WKOJgOnOsrZ5jO4MO/AM4rlkbSNr/9zDB4mE&#13;
POI5xYPqF+U58cQTLTwTgkToLtd8EEvIcEuZdt1117T22mvbOtFumLAet2Je2IMPPtgW9ZZwpU45&#13;
MeRe6dnSvdL7eCDBlwkENkRifadfkGbSIdSVjZTwuL74xS+29mJNqF+kgRdZjydJ7iGl/UiLf10v&#13;
tL8Tn4FAIBAIBAKBQCAQCAQCgcBSQCCI5d9bmfBG1lWyiY0e35H0CJA57V8iMH3EUs+0NAIDkWGd&#13;
ImlBCn2nU3Z/ZedY1lDq8RtGZldbbbWBxxKio0dcWBpsoIOXEvJ6+umnGwFmJ1rWhRJCyzUfxJIy&#13;
tJQJco0XlrWMevakEXU91iPpcR5WL8g15LGEK3WaNrEkTfLEC0wZCPtl454LNdyV3W8Jc9XjUSzE&#13;
lZ2QWcvK5ADeXD37M+FVxhPNBkAQ/quuusqIJMST8GTWoS7mHZTBL65AIBAIBAKBQCAQCAQCgUCg&#13;
D4Egln9HBo8c6xw5ZgUCwTEc3atEgPqIJYSPsFHWQkJCPvOZz1h6hK5CWvHkcZwF4OMlZVdWvIHs&#13;
RMpupmySw9o+jiCBQHIUB8eLQFRZZ7n55psbCWZnVQjrfBBLNuRpKRNhxBAu6r/VVlslPcvS6kyI&#13;
LEeR4BnEw1fCFdxnQSwJw4UogukWW2xhpJc1nLQ75eseV4IMsLaV0FdIJmRUz/K0UFrIvodJ+9pN&#13;
6tX1LndlJ/4OBAKBQCAQCAQCgUAgEAgEFjsCJWK5Eoa0emlEQzdFvTmy5pprLvozPjWUUZQwiJ5D&#13;
KboDq+gZirLSSisN6q0hnKLhsfLMZz5T9BxJ+013DhUld/KsZz1LdJObwfNKmETX5ImSVVECIkoM&#13;
RT1doqRVdH2fqJdM9NgK0XNeREmNqAdTSEvPjBQlj6LHXoh6OUVDNkWJi+gOp6K7tsoGG2wg2267&#13;
rWgYpt3fY489REmqvUu6SjBFyeygHIPC//2PUh346ZJLLhHdAdfKoesQRXdHtTdIkzJo2K0oGRMN&#13;
Ga4u08orr2xY6vpVUcImusZRdDdb2WijjURJt6g3UHimr0xKruXUU081LJT0GTalZ0v3KHzpfe4r&#13;
uRT1KBt+6m20ump4rCjBFPXIWpvwHPJw8cUXi67dFJ5DFsCWdlTCKeo15jGr1xlnnGFtq2eiiu46&#13;
a/fjv0AgEAgEAoFAIBAIBAKBQGApIaAnQoie1CD777+/qCPJ+MuSJJazaHTIDf9uf/vbG4nq5gFJ&#13;
g1jqer1eIsjzkEr1noqG6A5ITzed5fF3a5nAAMIOsRxV3/mqj3p6jShDojUM+Vbt4+XQdZVGRiGW&#13;
EP9ly5b5T/EZCAQCgUAgEAgEAoFAIBAIBAJ/RyCIZYhCIBAIBAKBQCAQCAQCgUAgEAgEAoHARAgE&#13;
sZwIvng5EAgEAoFAIBAIBAKBQCAQCAQCgUAgiGXIQCAQCAQCgUAgEAgEAoFAIBAIBAKBwEQIBLGc&#13;
CL54ORAIBAKBQCAQCAQCgUAgEAgEAoFAIIhlyEAgEAgEAoFAIBAIBAKBQCAQCAQCgcBECASxnAi+&#13;
eDkQCAQCgUAgEAgEAoFAIBAIBAKBQCCIZchAIBAIBAKBQCAQCAQCgUAgEAgEAoHARAgEsZwIvng5&#13;
EAgEAoFAIBAIBAKBQCAQCAQCgUAgiGXIQCAQCAQCgUAgEAgEAoFAIBAIBAKBwEQIBLGcCL54ORAI&#13;
BAKBQCAQCAQCgUAgEAgEAoFAIIhlyEAgEAgEAoFAIBAIBAKBQCAQCAQCgcBECASxnAi+eDkQCAQC&#13;
gUAgEAgEAoFAIBAIBAKBQCCIZchAIBAIBAKBQCAQCAQCgUAgEAgEAoHARAgEsZwIvng5EAgEAoFA&#13;
IBAIBAKBQCAQCAQCgUAgiGXIQCAQCAQCgUAgEAgEAoFAIBAIBAKBwEQIBLGcCL54ORAIBAKBQCAQ&#13;
CAQCgUAgEAgEAoFAIIhlyEAgEAgEAoFAIBAIBAKBQCAQCAQCgcBECASxnAi+eDkQCAQCgUAgEAgE&#13;
AoFAIBAIBAKBQCCIZchAIBAIBAKBQCAQCAQCgUAgEAgEAoHARAiUiOX/BwAA//8L3d5HAAASnUlE&#13;
QVTt2zGKVAkYhdHXGCkm3aELUYwNNDJyHw2K0htwK65Dzc1NxdjYSMpxYCaZy/BBhXU6/LlV8A4v&#13;
+ejuq2fPnp0+f/58vHnz5nj37t1xfX19+CFAgAABAgQIECBAgAABAkvg+fPnx8ePH4/b29vj7u7u&#13;
uLm5Oa6E5aJyI0CAAAECBAgQIECAAIElICyXihsBAgQIECBAgAABAgQIZAFhmakMCRAgQIAAAQIE&#13;
CBAgQGAJCMul4kaAAAECBAgQIECAAAECWUBYZipDAgQIECBAgAABAgQIEFgCwnKpuBEgQIAAAQIE&#13;
CBAgQIBAFhCWmcqQAAECBAgQIECAAAECBJaAsFwqbgQIECBAgAABAgQIECCQBYRlpjIkQIAAAQIE&#13;
CBAgQIAAgSUgLJeKGwECBAgQIECAAAECBAhkAWGZqQwJECBAgAABAgQIECBAYAkIy6XiRoAAAQIE&#13;
CBAgQIAAAQJZQFhmKkMCBAgQIECAAAECBAgQWALCcqm4ESBAgAABAgQIECBAgEAWEJaZypAAAQIE&#13;
CBAgQIAAAQIEloCwXCpuBAgQIECAAAECBAgQIJAFhGWmMiRAgAABAgQIECBAgACBJSAsl4obAQIE&#13;
CBAgQIAAAQIECGQBYZmpDAkQIECAAAECBAgQIEBgCQjLpeJGgAABAgQIECBAgAABAllAWGYqQwIE&#13;
CBAgQIAAAQIECBBYAsJyqbgRIECAAAECBAgQIECAQBYQlpnKkAABAgQIECBAgAABAgSWgLBcKm4E&#13;
CBAgQIAAAQIECBAgkAWEZaYyJECAAAECBAgQIECAAIElICyXihsBAgQIECBAgAABAgQIZAFhmakM&#13;
CRAgQIAAAQIECBAgQGAJCMul4kaAAAECBAgQIECAAAECWUBYZipDAgQIECBAgAABAgQIEFgCwnKp&#13;
uBEgQIAAAQIECBAgQIBAFhCWmcqQAAECBAgQIECAAAECBJaAsFwqbgQIECBAgAABAgQIECCQBYRl&#13;
pjIkQIAAAQIECBAgQIAAgSUgLJeKGwECBAgQIECAAAECBAhkAWGZqQwJECBAgAABAgQIECBAYAkI&#13;
y6XiRoAAAQIECBAgQIAAAQJZQFhmKkMCBAgQIECAAAECBAgQWALCcqm4ESBAgAABAgQIECBAgEAW&#13;
EJaZypAAAQIECBAgQIAAAQIEloCwXCpuBAgQIECAAAECBAgQIJAFhGWmMiRAgAABAgQIECBAgACB&#13;
JSAsl4obAQIECBAgQIAAAQIECGQBYZmpDAkQIECAAAECBAgQIEBgCQjLpeJGgAABAgQIECBAgAAB&#13;
AllAWGYqQwIECBAgQIAAAQIECBBYAsJyqbgRIECAAAECBAgQIECAQBYQlpnKkAABAgQIECBAgAAB&#13;
AgSWgLBcKm4ECBAgQIAAAQIECBAgkAWEZaYyJECAAAECBAgQIECAAIElICyXihsBAgQIECBAgAAB&#13;
AgQIZAFhmakMCRAgQIAAAQIECBAgQGAJCMul4kaAAAECBAgQIECAAAECWUBYZipDAgQIECBAgAAB&#13;
AgQIEFgCwnKpuBEgQIAAAQIECBAgQIBAFhCWmcqQAAECBAgQIECAAAECBJaAsFwqbgQIECBAgAAB&#13;
AgQIECCQBYRlpjIkQIAAAQIECBAgQIAAgSUgLJeKGwECBAgQIECAAAECBAhkAWGZqQwJECBAgAAB&#13;
AgQIECBAYAkIy6XiRoAAAQIECBAgQIAAAQJZQFhmKkMCBAgQIECAAAECBAgQWALCcqm4ESBAgAAB&#13;
AgQIECBAgEAWEJaZypAAAQIECBAgQIAAAQIEloCwXCpuBAgQIECAAAECBAgQIJAFhGWmMiRAgAAB&#13;
AgQIECBAgACBJSAsl4obAQIECBAgQIAAAQIECGQBYZmpDAkQIECAAAECBAgQIEBgCQjLpeJGgAAB&#13;
AgQIECBAgAABAllAWGYqQwIECBAgQIAAAQIECBBYAsJyqbgRIECAAAECBAgQIECAQBYQlpnKkAAB&#13;
AgQIECBAgAABAgSWgLBcKm4ECBAgQIAAAQIECBAgkAWEZaYyJECAAAECBAgQIECAAIElICyXihsB&#13;
AgQIECBAgAABAgQIZAFhmakMCRAgQIAAAQIECBAgQGAJCMul4kaAAAECBAgQIECAAAECWUBYZipD&#13;
AgQIECBAgAABAgQIEFgCwnKpuBEgQIAAAQIECBAgQIBAFhCWmcqQAAECBAgQIECAAAECBJaAsFwq&#13;
bgQIECBAgAABAgQIECCQBYRlpjIkQIAAAQIECBAgQIAAgSUgLJeKGwECBAgQIECAAAECBAhkAWGZ&#13;
qQwJECBAgAABAgQIECBAYAkIy6XiRoAAAQIECBAgQIAAAQJZQFhmKkMCBAgQIECAAAECBAgQWALC&#13;
cqm4ESBAgAABAgQIECBAgEAWEJaZypAAAQIECBAgQIAAAQIEloCwXCpuBAgQIECAAAECBAgQIJAF&#13;
hGWmMiRAgAABAgQIECBAgACBJSAsl4obAQIECBAgQIAAAQIECGQBYZmpDAkQIECAAAECBAgQIEBg&#13;
CQjLpeJGgAABAgQIECBAgAABAllAWGYqQwIECBAgQIAAAQIECBBYAsJyqbgRIECAAAECBAgQIECA&#13;
QBYQlpnKkAABAgQIECBAgAABAgSWgLBcKm4ECBAgQIAAAQIECBAgkAWEZaYyJECAAAECBAgQIECA&#13;
AIElICyXihsBAgQIECBAgAABAgQIZAFhmakMCRAgQIAAAQIECBAgQGAJCMul4kaAAAECBAgQIECA&#13;
AAECWUBYZipDAgQIECBAgAABAgQIEFgCwnKpuBEgQIAAAQIECBAgQIBAFhCWmcqQAAECBAgQIECA&#13;
AAECBJaAsFwqbgQIECBAgAABAgQIECCQBYRlpjIkQIAAAQIECBAgQIAAgSUgLJeKGwECBAgQIECA&#13;
AAECBAhkAWGZqQwJECBAgAABAgQIECBAYAkIy6XiRoAAAQIECBAgQIAAAQJZQFhmKkMCBAgQIECA&#13;
AAECBAgQWALCcqm4ESBAgAABAgQIECBAgEAWEJaZypAAAQIECBAgQIAAAQIEloCwXCpuBAgQIECA&#13;
AAECBAgQIJAFhGWmMiRAgAABAgQIECBAgACBJSAsl4obAQIECBAgQIAAAQIECGQBYZmpDAkQIECA&#13;
AAECBAgQIEBgCQjLpeJGgAABAgQIECBAgAABAllAWGYqQwIECBAgQIAAAQIECBBYAsJyqbgRIECA&#13;
AAECBAgQIECAQBYQlpnKkAABAgQIECBAgAABAgSWgLBcKm4ECBAgQIAAAQIECBAgkAWEZaYyJECA&#13;
AAECBAgQIECAAIElICyXihsBAgQIECBAgAABAgQIZAFhmakMCRAgQIAAAQIECBAgQGAJCMul4kaA&#13;
AAECBAgQIECAAAECWUBYZipDAgQIECBAgAABAgQIEFgCwnKpuBEgQIAAAQIECBAgQIBAFhCWmcqQ&#13;
AAECBAgQIECAAAECBJaAsFwqbgQIECBAgAABAgQIECCQBYRlpjIkQIAAAQIECBAgQIAAgSUgLJeK&#13;
GwECBAgQIECAAAECBAhkAWGZqQwJECBAgAABAgQIECBAYAkIy6XiRoAAAQIECBAgQIAAAQJZQFhm&#13;
KkMCBAgQIECAAAECBAgQWALCcqm4ESBAgAABAgQIECBAgEAWEJaZypAAAQIECBAgQIAAAQIEloCw&#13;
XCpuBAgQIECAAAECBAgQIJAFhGWmMiRAgAABAgQIECBAgACBJSAsl4obAQIECBAgQIAAAQIECGQB&#13;
YZmpDAkQIECAAAECBAgQIEBgCQjLpeJGgAABAgQIECBAgAABAllAWGYqQwIECBAgQIAAAQIECBBY&#13;
AsJyqbgRIECAAAECBAgQIECAQBYQlpnKkAABAgQIECBAgAABAgSWgLBcKm4ECBAgQIAAAQIECBAg&#13;
kAWEZaYyJECAAAECBAgQIECAAIElICyXihsBAgQIECBAgAABAgQIZAFhmakMCRAgQIAAAQIECBAg&#13;
QGAJCMul4kaAAAECBAgQIECAAAECWUBYZipDAgQIECBAgAABAgQIEFgCwnKpuBEgQIAAAQIECBAg&#13;
QIBAFhCWmcqQAAECBAgQIECAAAECBJaAsFwqbgQIECBAgAABAgQIECCQBYRlpjIkQIAAAQIECBAg&#13;
QIAAgSUgLJeKGwECBAgQIECAAAECBAhkAWGZqQwJECBAgAABAgQIECBAYAkIy6XiRoAAAQIECBAg&#13;
QIAAAQJZQFhmKkMCBAgQIECAAAECBAgQWALCcqm4ESBAgAABAgQIECBAgEAWEJaZypAAAQIECBAg&#13;
QIAAAQIEloCwXCpuBAgQIECAAAECBAgQIJAFhGWmMiRAgAABAgQIECBAgACBJSAsl4obAQIECBAg&#13;
QIAAAQIECGQBYZmpDAkQIECAAAECBAgQIEBgCQjLpeJGgAABAgQIECBAgAABAllAWGYqQwIECBAg&#13;
QIAAAQIECBBYAsJyqbgRIECAAAECBAgQIECAQBYQlpnKkAABAgQIECBAgAABAgSWgLBcKm4ECBAg&#13;
QIAAAQIECBAgkAWEZaYyJECAAAECBAgQIECAAIElICyXihsBAgQIECBAgAABAgQIZAFhmakMCRAg&#13;
QIAAAQIECBAgQGAJCMul4kaAAAECBAgQIECAAAECWUBYZipDAgQIECBAgAABAgQIEFgCwnKpuBEg&#13;
QIAAAQIECBAgQIBAFhCWmcqQAAECBAgQIECAAAECBJaAsFwqbgQIECBAgAABAgQIECCQBYRlpjIk&#13;
QIAAAQIECBAgQIAAgSUgLJeKGwECBAgQIECAAAECBAhkAWGZqQwJECBAgAABAgQIECBAYAkIy6Xi&#13;
RoAAAQIECBAgQIAAAQJZQFhmKkMCBAgQIECAAAECBAgQWALCcqm4ESBAgAABAgQIECBAgEAWEJaZ&#13;
ypAAAQIECBAgQIAAAQIEloCwXCpuBAgQIECAAAECBAgQIJAFhGWmMiRAgAABAgQIECBAgACBJSAs&#13;
l4obAQIECBAgQIAAAQIECGQBYZmpDAkQIECAAAECBAgQIEBgCQjLpeJGgAABAgQIECBAgAABAllA&#13;
WGYqQwIECBAgQIAAAQIECBBYAsJyqbgRIECAAAECBAgQIECAQBYQlpnKkAABAgQIECBAgAABAgSW&#13;
gLBcKm4ECBAgQIAAAQIECBAgkAWEZaYyJECAAAECBAgQIECAAIElICyXihsBAgQIECBAgAABAgQI&#13;
ZAFhmakMCRAgQIAAAQIECBAgQGAJCMul4kaAAAECBAgQIECAAAECWUBYZipDAgQIECBAgAABAgQI&#13;
EFgCwnKpuBEgQIAAAQIECBAgQIBAFhCWmcqQAAECBAgQIECAAAECBJaAsFwqbgQIECBAgAABAgQI&#13;
ECCQBYRlpjIkQIAAAQIECBAgQIAAgSUgLJeKGwECBAgQIECAAAECBAhkAWGZqQwJECBAgAABAgQI&#13;
ECBAYAkIy6XiRoAAAQIECBAgQIAAAQJZQFhmKkMCBAgQIECAAAECBAgQWALCcqm4ESBAgAABAgQI&#13;
ECBAgEAWEJaZypAAAQIECBAgQIAAAQIEloCwXCpuBAgQIECAAAECBAgQIJAFhGWmMiRAgAABAgQI&#13;
ECBAgACBJSAsl4obAQIECBAgQIAAAQIECGQBYZmpDAkQIECAAAECBAgQIEBgCQjLpeJGgAABAgQI&#13;
ECBAgAABAllAWGYqQwIECBAgQIAAAQIECBBYAsJyqbgRIECAAAECBAgQIECAQBYQlpnKkAABAgQI&#13;
ECBAgAABAgSWgLBcKm4ECBAgQIAAAQIECBAgkAWEZaYyJECAAAECBAgQIECAAIElICyXihsBAgQI&#13;
ECBAgAABAgQIZAFhmakMCRAgQIAAAQIECBAgQGAJCMul4kaAAAECBAgQIECAAAECWeB/w/L169fH&#13;
27dvj+vr6/yFhgQIECBAgAABAgQIECBwWQIvXrw4Pn36dNze3h53d3fHzc3NcfX48ePTly9fjidP&#13;
nhxPnz497t+/f1kqnpYAAQIECBAgQIAAAQIEssCHDx+Ob9++HX9+OfmfsPz161f+IkMCBAgQIECA&#13;
AAECBAgQuGyBP3/x+m9Yvn///vT169dDWF72S+HpCRAgQIAAAQIECBAgUAR+/PhxPHjw4Hj16tXx&#13;
8uXL4+HDh8fV9+/fTz9//jxOp1P5DhsCBAgQIECAAAECBAgQuGCBf8Ly0aNHf/9/5b17946rv4JS&#13;
UV7wS+HRCRAgQIAAAQIECBAgcK6AsDxX0OcJECBAgAABAgQIECBw4QLC8sJfAI9PgAABAgQIECBA&#13;
gACBcwWE5bmCPk+AAAECBAgQIECAAIELFxCWF/4CeHwCBAgQIECAAAECBAicKyAszxX0eQIECBAg&#13;
QIAAAQIECFy4gLC88BfA4xMgQIAAAQIECBAgQOBcgd8ZzivWXyYg0wAAAABJRU5ErkJggg==&#13;
</Source>
                </DataBinding>
            </Presentation>
        </ViewDef>
    </Views>
</Content>
