{
   "dashboards": [{
      "autoswitchEnabled": false,
      "columnCount": 1,
      "columnProportion": "1",
      "creationTime": 1566443256830,
      "dashboardNavigations": {},
      "description": "Host CPU Top Performance",
      "disabled": false,
      "gridsterMaxColumns": 12,
      "hidden": false,
      "homeTab": false,
      "id": "aa018ffc-6fd7-40b8-b7fd-4d560dfe8a1f",
      "importAttempts": 0,
      "importComplete": true,
      "isDefault": false,
      "locked": false,
      "name": "Operations Performance/Host CPU Top Performance",
      "namePath": "Operations Performance",
      "rank": 92,
      "shared": false,
      "states": [],
      "temporary": false,
      "userId": "2e03d4e9-a7d9-4825-b8fd-cdbb441cdd2f",
      "widgetInteractions": [],
      "widgets": [
         {
            "collapsed": false,
            "config": {
               "additionalColumns": [{
                  "boxLabel": "VM's",
                  "metricKey": "summary|total_number_vms",
                  "metricName": "Summary|Total Number of VMs",
                  "resourceKindId": "resourceKind:id:0_::_"
               }],
               "barsCount": 10,
               "customFilter": {
                  "excludedResources": null,
                  "filter": [],
                  "includedResources": null
               },
               "depth": 10,
               "filterMode": "customFilter",
               "filterOldMetrics": {"filterOldMetrics": false},
               "metric": {
                  "metricKey": "cpu|demandPct",
                  "name": "CPU|Demand (%)"
               },
               "mode": "all",
               "percentileValue": null,
               "refreshContent": {"refreshContent": false},
               "refreshInterval": 300,
               "regenerationTime": 15,
               "relationshipMode": {"relationshipMode": [
                  -1,
                  0
               ]},
               "resource": [],
               "resourceKind": [{"id": "resourceKind:id:0_::_"}],
               "roundDecimals": 1,
               "selfProvider": {"selfProvider": true},
               "tagFilter": null,
               "title": "Top-10 HOST CPU Workload Demand %",
               "topOption": "metricsHighestUtilization"
            },
            "gridsterCoords": {
               "h": 8,
               "w": 4,
               "x": 1,
               "y": 1
            },
            "height": 439,
            "id": "d2ed4936-d2a7-4970-80a5-9f97193655e5",
            "states": [{
               "key": "perm_toolbarVisible_widget_aa018ffc-6fd7-40b8-b7fd-4d560dfe8a1f_d2ed4936-d2a7-4970-80a5-9f97193655e5",
               "value": "b%3A1"
            }],
            "title": "Top-10 HOST CPU Workload Demand %",
            "type": "ParetoAnalysis"
         },
         {
            "collapsed": false,
            "config": {
               "additionalColumns": [{
                  "boxLabel": "VM's",
                  "metricKey": "summary|total_number_vms",
                  "metricName": "Summary|Total Number of VMs",
                  "resourceKindId": "resourceKind:id:0_::_"
               }],
               "barsCount": 10,
               "customFilter": {
                  "excludedResources": null,
                  "filter": [],
                  "includedResources": null
               },
               "depth": 10,
               "filterMode": "tagPicker",
               "filterOldMetrics": {"filterOldMetrics": false},
               "metric": {
                  "metricKey": "cpu|usage_average",
                  "name": "CPU|Usage (%)"
               },
               "mode": "all",
               "percentileValue": null,
               "refreshContent": {"refreshContent": false},
               "refreshInterval": 300,
               "regenerationTime": 15,
               "relationshipMode": {"relationshipMode": [
                  -1,
                  0
               ]},
               "resource": [],
               "resourceKind": [{"id": "resourceKind:id:0_::_"}],
               "roundDecimals": 1,
               "selfProvider": {"selfProvider": true},
               "tagFilter": null,
               "title": "Top-10 HOST CPU Workload Usage %",
               "topOption": "metricsHighestUtilization"
            },
            "gridsterCoords": {
               "h": 8,
               "w": 4,
               "x": 5,
               "y": 1
            },
            "height": 439,
            "id": "d2ba8504-9ab3-44a2-ac93-9e146904d38f",
            "title": "Top-10 HOST CPU Workload Usage %",
            "type": "ParetoAnalysis"
         },
         {
            "collapsed": false,
            "config": {
               "additionalColumns": [],
               "barsCount": 10,
               "customFilter": {
                  "excludedResources": null,
                  "filter": [{
                     "filterTypes": [{
                        "condition": "GREATER_THAN",
                        "filterType": "metrics",
                        "metricKey": "summary|total_number_vms",
                        "metricValue": {
                           "isStringMetric": false,
                           "value": 1
                        }
                     }],
                     "resourceKind": "002006VMWAREHostSystem"
                  }],
                  "includedResources": null
               },
               "depth": 10,
               "filterMode": "customFilter",
               "filterOldMetrics": {"filterOldMetrics": false},
               "metric": {
                  "metricKey": "cpu|capacity_contentionPct",
                  "name": "CPU|Contention (%)"
               },
               "mode": "all",
               "percentileValue": null,
               "refreshContent": {"refreshContent": false},
               "refreshInterval": 300,
               "regenerationTime": 15,
               "relationshipMode": {"relationshipMode": [
                  -1,
                  0
               ]},
               "resource": [],
               "resourceKind": [{"id": "resourceKind:id:0_::_"}],
               "roundDecimals": 1,
               "selfProvider": {"selfProvider": true},
               "tagFilter": null,
               "title": "Top-10 HOST CPU Contention %",
               "topOption": "metricsHighestUtilization"
            },
            "gridsterCoords": {
               "h": 8,
               "w": 4,
               "x": 9,
               "y": 1
            },
            "height": 439,
            "id": "fdc03982-ec46-425f-829f-7c1ad6c2ce31",
            "title": "Top-10 HOST CPU Contention %",
            "type": "ParetoAnalysis"
         },
         {
            "collapsed": false,
            "config": {
               "additionalColumns": [],
               "additionalColumns_resource": [],
               "barsCount": 10,
               "depth": 10,
               "filterMode": "tagFilter",
               "filterOldMetrics": {"filterOldMetrics": false},
               "metricOption": {
                  "metricInfo": {
                     "path": ["/source/GROUP_cpu/cpu|costop_summation"],
                     "value": "cpu|costop_summation"
                  },
                  "resourceKindId": ["resourceKind:id:0_::_"],
                  "tagFilter": null,
                  "value": {"metricOption": "metricsHighestUtilization"}
               },
               "mode": "metric",
               "refreshContent": {"refreshContent": false},
               "refreshInterval": 300,
               "regenerationTime": 15,
               "roundDecimals": 1,
               "selfProvider": {"selfProvider": true},
               "tagOption": {
                  "tagFilter": null,
                  "value": {"tagOption": "leastHealthyApplications"}
               },
               "title": "Top-10 HOST CPU Co-stop (ms)"
            },
            "gridsterCoords": {
               "h": 6,
               "w": 4,
               "x": 5,
               "y": 15
            },
            "height": 324,
            "id": "5e5e4d89-7f9c-4bbe-8747-99255c09046e",
            "title": "Top-10 HOST CPU Co-stop (ms)",
            "type": "ParetoAnalysis"
         },
         {
            "collapsed": false,
            "config": {
               "additionalColumns": [],
               "additionalColumns_resource": [],
               "barsCount": 10,
               "depth": 10,
               "filterMode": "tagFilter",
               "filterOldMetrics": {"filterOldMetrics": false},
               "metricOption": {
                  "metricInfo": {
                     "path": ["/source/GROUP_cpu/cpu|ready_summation"],
                     "value": "cpu|ready_summation"
                  },
                  "resourceKindId": ["resourceKind:id:0_::_"],
                  "tagFilter": null,
                  "value": {"metricOption": "metricsHighestUtilization"}
               },
               "mode": "metric",
               "refreshContent": {"refreshContent": false},
               "refreshInterval": 300,
               "regenerationTime": 15,
               "roundDecimals": 1,
               "selfProvider": {"selfProvider": true},
               "tagOption": {
                  "tagFilter": null,
                  "value": {"tagOption": "leastHealthyApplications"}
               },
               "title": "Top-10 HOST CPU ready (ms)"
            },
            "gridsterCoords": {
               "h": 6,
               "w": 4,
               "x": 1,
               "y": 15
            },
            "height": 324,
            "id": "a69af047-f9c1-41b1-b5af-1cc84c1923ec",
            "title": "Top-10 HOST CPU ready (ms)",
            "type": "ParetoAnalysis"
         },
         {
            "collapsed": false,
            "config": {
               "additionalColumns": [],
               "additionalColumns_resource": [],
               "barsCount": 10,
               "depth": 10,
               "filterMode": "tagFilter",
               "filterOldMetrics": {"filterOldMetrics": false},
               "metricOption": {
                  "metricInfo": {
                     "path": ["/source/GROUP_cpu/cpu|iowait"],
                     "value": "cpu|iowait"
                  },
                  "resourceKindId": ["resourceKind:id:0_::_"],
                  "tagFilter": null,
                  "value": {"metricOption": "metricsHighestUtilization"}
               },
               "mode": "metric",
               "refreshContent": {"refreshContent": false},
               "refreshInterval": 300,
               "regenerationTime": 15,
               "roundDecimals": 1,
               "selfProvider": {"selfProvider": true},
               "tagOption": {
                  "tagFilter": null,
                  "value": {"tagOption": "leastHealthyApplications"}
               },
               "title": "Top-10 HOST CPU IO-Wait (ms)"
            },
            "gridsterCoords": {
               "h": 6,
               "w": 4,
               "x": 9,
               "y": 15
            },
            "height": 324,
            "id": "d25a1e0f-7108-4a14-872c-851ca1c1497a",
            "title": "Top-10 HOST CPU IO-Wait (ms)",
            "type": "ParetoAnalysis"
         },
         {
            "collapsed": false,
            "config": {
               "chartViewItems": [],
               "isUpdatedView": true,
               "refreshContent": {"refreshContent": false},
               "refreshInterval": 300,
               "resource": {
                  "id": "Ext.vcops.chrome.model.Resource-4",
                  "resourceId": "resource:id:0_::_",
                  "resourceKindId": "002006VMWAREvSphere World",
                  "resourceName": "vSphere World",
                  "traversalSpecId": ""
               },
               "selectFirstRow": {"selectFirstRow": false},
               "selfProvider": {"selfProvider": true},
               "title": "Host Performance CPU Status",
               "traversalSpecId": null,
               "viewDefinitionId": "f5088152-3e8e-489d-ad12-ac1afbd481fc"
            },
            "gridsterCoords": {
               "h": 6,
               "w": 4,
               "x": 1,
               "y": 9
            },
            "height": 324,
            "id": "b41fdf1f-feea-42c1-b2fb-d0237c0564b8",
            "title": "Host Performance CPU Status",
            "type": "View"
         },
         {
            "collapsed": false,
            "config": {
               "chartViewItems": [],
               "isUpdatedView": true,
               "refreshContent": {"refreshContent": false},
               "refreshInterval": 300,
               "resource": {
                  "id": "Ext.vcops.chrome.model.Resource-5",
                  "resourceId": "resource:id:0_::_",
                  "resourceKindId": "002006VMWAREvSphere World",
                  "resourceName": "vSphere World",
                  "traversalSpecId": ""
               },
               "selectFirstRow": {"selectFirstRow": false},
               "selfProvider": {"selfProvider": true},
               "title": "Host Performance CPU Ready",
               "traversalSpecId": null,
               "viewDefinitionId": "5fea4aa8-4f02-44a8-9e3a-3f9fdbbea0d3"
            },
            "gridsterCoords": {
               "h": 6,
               "w": 4,
               "x": 5,
               "y": 9
            },
            "height": 324,
            "id": "e276dbb8-3330-4471-8344-78f958b807bb",
            "title": "Host Performance CPU Ready",
            "type": "View"
         },
         {
            "collapsed": false,
            "config": {
               "chartViewItems": [],
               "isUpdatedView": true,
               "refreshContent": {"refreshContent": false},
               "refreshInterval": 300,
               "resource": {
                  "id": "Ext.vcops.chrome.model.Resource-8",
                  "resourceId": "resource:id:0_::_",
                  "resourceKindId": "002006VMWAREvSphere World",
                  "resourceName": "vSphere World",
                  "traversalSpecId": ""
               },
               "selectFirstRow": {"selectFirstRow": false},
               "selfProvider": {"selfProvider": true},
               "title": "Host Performance impact info",
               "traversalSpecId": null,
               "viewDefinitionId": "97988528-f2f3-4bdf-90cf-8dae286b1ba0"
            },
            "gridsterCoords": {
               "h": 6,
               "w": 4,
               "x": 9,
               "y": 9
            },
            "height": 324,
            "id": "2aedab11-3485-4cd9-902e-b60e35135437",
            "title": "Host Performance impact info",
            "type": "View"
         }
      ]
   }],
   "entries": {
      "resource": [{
         "adapterKindKey": "VMWARE",
         "identifiers": [],
         "internalId": "resource:id:0_::_",
         "name": "vSphere World",
         "resourceKindKey": "vSphere World"
      }],
      "resourceKind": [{
         "adapterKindKey": "VMWARE",
         "internalId": "resourceKind:id:0_::_",
         "resourceKindKey": "HostSystem"
      }]
   },
   "uuid": "f8d22d84-2f28-462b-862d-bed13ccd67c6"
}